#,Team Name,Score_private,Shake,Entries
1,bestfitting,0.59369,0,130
2,WAIR,0.57152,4,234
3,pudae,0.57008,14,115
4,Wienerschnitzelgemeinschaft,0.56766,1,498
5,vpp,0.56696,0,334
6,YaG320,0.56621,7,105
7,Guanshuo Xu,0.56335,3,140
8,One More Layer (Of Stacking),0.56309,4,269
9,TEAM,0.56027,10,270
10,conv is all u need,0.55761,5,158
11,Ten Epochs,0.557,0,357
12,Arm,0.55541,10,283
13,zjuyang,0.55451,51,124
14,#finoallafine,0.55408,7,277
15,A team,0.55402,18,135
16,NTU_MiRA,0.55311,4,174
17,sheep,0.5526,13,142
18,Maksim Rodin,0.55245,6,99
19,Justfitit,0.55175,10,155
20,RK,0.55133,2,226
21,Gold is overrated,0.55028,13,207
22,AgroDesign,0.54891,36,219
23,pete,0.54877,24,157
24,[ods.ai] n01z3,0.54864,3,25
25,Soonhwan Kwon,0.54797,10,171
26,Maciej Sypetkowski,0.5478,16,91
27,eating-bragging-sunning,0.54769,17,162
28,KMen,0.54507,18,155
29,zhangboshen,0.54471,13,323
30,üáªüá≥ Draw me a star,0.54463,5,214
31,Six Replacements,0.54398,11,91
32,kiwi,0.5439,25,143
33,Curtis Kim,0.54379,28,67
34,loved.va,0.54311,20,50
35,[ods.ai] Roman Vlasov,0.54267,30,50
36,[kaggler-ja] tetramer,0.54265,18,325
37,Cory,0.54242,145,94
38,Heng|Tom|Zhijian|A.L.[KentAI],0.54233,7,388
39,Random Walk,0.5403,2,170
40,Appian,0.54006,14,103
41,Alpha Goose,0.53943,70,87
42,Chris J.Liu@makethingswork,0.53907,35,226
43,sblroid,0.5388,9,30
44,Compi√®gne,0.53858,15,126
45,"[ods.ai, mipt-oulu] notvgg16",0.53844,18,98
46,ShuwenLiu,0.53748,35,10
47,Hank Wang,0.53711,28,4
48,[ods.ai] Ilya Kibardin,0.53657,21,12
49,..,0.53629,26,135
50,tascj,0.53628,1,50
51,Debut,0.53607,36,2
52,emorsstuu,0.53538,15,160
53,Md Yasin Kabir,0.53498,6,32
54,TomomiMoriyama,0.53497,66,96
55,[ods.ai] Jeremy's Witnesses,0.53459,15,147
56,Jerin,0.5343,8,210
57,YUNFEI DUAN,0.53429,9,138
58,NewBee,0.53339,14,96
59,roush,0.53338,16,52
60,ValeriyBabushkin,0.5331,28,5
61,Â§ßÊãõÊîæÊó©‰∫Ü,0.53257,18,124
62,[ods.ai] Ivan Sosin,0.53255,46,52
63,KazAnova,0.53179,28,56
64,Robin Smits,0.53152,15,242
65,[ods.ai] Miras Amir,0.53097,9,4
66,Gaven Tian,0.53095,12,3
67,[ods.ai] Anton Vess,0.53069,111,46
68,saihyou,0.53038,32,123
69,interneuron,0.53006,16,213
70,diCELLa,0.52955,40,238
71,klickmal,0.52946,11,118
72,[ods.ai] üöÄ,0.52868,9,152
73,cowboy & bebop,0.52865,18,90
74,leoil,0.5286,3,26
75,gold medal,0.52805,30,165
76,Philip Popien,0.52776,56,38
77,Bioinformaticians,0.5273,3,141
78,SacredGames,0.52728,26,82
79,akensert,0.52717,12,177
80,Yu & Ding & Tang,0.52705,4,221
81,Kirill Blinov,0.52695,63,152
82,nabe,0.52676,40,54
83,üáªüá≥ KTD,0.5267,7,108
84,maybe_forever,0.52667,44,69
85,PAOK,0.52637,9,105
86,Dragon,0.52608,23,211
87,RICK,0.52597,96,6
88,Legion,0.52534,48,98
89,Ireko8,0.52456,16,214
90,YALICKJ,0.52451,7,52
91,501,0.52406,41,112
92,Yurii Rebryk,0.52325,18,104
93,ns64,0.52303,4,75
94,HNU-e,0.52231,32,370
95,The Ox,0.52211,17,62
96,Tim H,0.52194,58,259
97,7-day protein proteam,0.52187,10,41
98,The Unseens,0.52173,14,72
99,bmci,0.52165,4,51
100,Vinicius,0.52158,46,141
101,Shanshan_Wang,0.5215,1,40
102,Ming Zhao,0.5215,1,48
103,Mi M·∫ßn Chi R·ª©a?,0.52138,75,438
104,[‰∏∫‰∫Ü‰π∞Êàø.ppt] Ren,0.52128,9,70
105,zhx1586,0.52127,135,43
106,ML sutdy ha ha,0.52126,20,152
107,yanglehan,0.52101,3,11
108,Â∞èÁªÉ,0.52064,25,128
109,[ods.ai] yamiou,0.5205,68,55
110,daryl,0.52028,89,61
111,fhiutc,0.51995,13,27
112,cIN_(oo_),0.51995,6,57
113,toxic spot,0.5199,21,133
114,BH,0.51989,55,154
115,Di Di,0.51983,8,38
116,Êù®Ë∂ÖË∂ä,0.51974,63,149
117,owruby,0.5195,18,54
118,dollofpikachu,0.5195,50,171
119,syoya,0.51944,65,85
120,Jingxiao Gu,0.51928,60,116
121,Fan CC,0.51885,49,24
122,kiiiya_osaka,0.51857,36,157
123,AngTK&SAIL,0.51856,35,4
124,NTU_CSIE346,0.51851,18,149
125,ÊòÇ_ÊòüËæ∞,0.51846,32,14
126,Ubique,0.51833,56,37
127,deltafitting,0.51736,34,55
128,alexleetw,0.51736,34,33
129,Dmitry Kozlov,0.51681,50,7
130,WIZ*ONE,0.51669,1,36
131,Adam Chang,0.51632,14,95
132,zhengjie,0.51621,13,64
133,[ods.ai] Sergey Malyutin,0.51618,14,231
134,fo40225,0.51591,9,8
135,Karen & Lex,0.51588,19,87
136,FabianIsensee,0.5158,20,38
137,Iron Egg,0.51558,99,133
138,MJP solution,0.51486,99,275
139,Peterzhang,0.51472,5,52
140,summer,0.51421,17,17
141,student,0.51406,23,25
142,fujisan,0.51397,54,24
143,Azar Huang,0.51334,45,50
144,zymale,0.51305,8,142
145,[open.dse] [ods.ai] V,0.51244,18,27
146,No name,0.51236,17,31
147,LazyLearner,0.51221,42,213
148,Mark Peng,0.5117,31,48
149,Niall Moran,0.5114,71,85
150,amaia,0.51106,44,40
151,William Horton,0.51105,4,63
152,ÂâçÊéíÂ§™Âº∫‰∫Ü,0.51064,14,142
153,CRISPR,0.51046,109,82
154,Aleksandr Mityakov,0.50995,53,151
155,sora,0.5096,114,21
156,[ods.ai] Yury Dzerin,0.50957,7,71
157,give me some protein plz,0.50911,24,159
158,one day one train,0.50841,44,40
159,sggpls,0.50815,63,58
160,ai3282,0.50796,7,36
161,Oneiros,0.50766,8,285
162,Phil Butcher,0.50758,65,80
163,Masahiro Abe,0.50742,4,81
164,Atanas Atanasov,0.50735,11,7
165,[ka.kr]ÏùÄÏ£ºÎãà | Ïú†Ìïú | Ï≤úÏÑ±,0.50725,15,155
166,koyyyp,0.50706,14,55
167,Mikhail Grankin,0.50646,71,94
168,Sunghoon Joo,0.50629,21,2
169,Florian Muellerklein,0.50596,30,86
170,JzzZ,0.50558,68,37
171,ymicky,0.50557,28,122
172,Nobody,0.50548,1,219
173,gzsong,0.50495,100,10
174,One Old Dog,0.50481,89,290
175,Team242,0.50451,33,103
176,chicm,0.50447,10,47
177,Mohd Shadab Alam,0.50428,20,42
178,taeksoon.kwon,0.5042,17,8
179,GuGuu,0.50357,38,32
180,"[ods.ai] One fox, one goose, one beer",0.5034,117,144
181,hmorimitsu,0.50282,11,57
182,lsfszyf,0.50261,48,79
183,Gabriel Amine-Eddine,0.50241,105,10
184,ranjoranjan,0.50238,67,33
185,Gyeddela,0.50228,76,121
186,GU Wei,0.50223,65,55
187,[ods.ai] Artyom Palvelev,0.50222,87,114
188,Minghao Liu,0.50205,23,86
189,jesperandersson,0.50188,42,27
190,genethes,0.50173,23,40
191,mina,0.50165,16,32
192,Gipsy Danger,0.50146,22,76
193,K.D & M. D.,0.50123,85,104
194,PhysicsGuy89,0.50116,31,53
195,An Earthling,0.5007,123,31
196,Abe Tatsuhiro,0.50054,90,58
197,–î–∞–Ω–∏–ª –ê—Ö–º–µ—Ç–æ–≤,0.50015,57,11
198,iampossible,0.49995,8,45
199,vikeezhou,0.49979,38,95
200,Joni Juvonen,0.49964,29,121
201,donP,0.49871,16,85
202,hentai123,0.49865,71,73
203,Hakim Idjis,0.4985,30,88
204,xiao,0.49847,112,72
205,huazai1994,0.49784,107,15
206,angtk110,0.49729,2,3
207,Artem Toporov,0.49711,33,52
208,LzheDmirtry,0.49709,57,23
209,Fionn√°n Alt,0.49705,38,124
210,Shiv Gowda,0.49655,95,105
211,Karachun Michael,0.49623,54,103
212,cuts2k,0.49593,40,59
213,excllent123,0.49522,40,50
214,ArjunArasu,0.49516,93,15
215,hedemann,0.49495,85,48
216,mozg,0.49466,11,131
217,kerukun,0.49399,75,22
218,soywu,0.49243,63,124
219,chenly,0.49238,59,7
220,‰∏äÁΩë‰∏çÊ∂âÂØÜ,0.4921,94,124
221,Protein Shake,0.49199,53,313
222,Haki Zheng,0.49162,20,12
223,Gian12,0.49119,69,71
224,NTU_r06922164_Mirlab,0.49109,35,155
225,chenJQ,0.49105,90,35
226,HPI (Human Protein Identification),0.49105,9,35
227,MountainClimber,0.49066,64,74
228,FabSchreiber,0.49066,167,36
229,I'm fine!,0.49064,170,63
230,Haozhe Qi,0.49055,42,8
231,Wonderbolts,0.4905,27,135
232,funkyboy,0.48991,28,25
233,Ron Zhu,0.48937,21,28
234,Factor X,0.48892,88,44
235,Agentes Pat√≥genos,0.48884,106,17
236,shishirranjan,0.48883,16,49
237,Jiajie Zhen,0.48848,57,14
238,darthvader,0.48832,9,28
239,Renan Rodrigues dos Santos,0.48788,31,24
240,[Skylum] OleksandrSavsunenko,0.48772,66,21
241,mj000001,0.4877,30,38
242,Val An,0.48769,41,46
243,Shingu Masafumi,0.48731,58,59
244,Jarvis007,0.48718,129,23
245,Subra,0.48718,148,9
246,gody7334,0.48704,8,21
247,Li Bin,0.48682,96,50
248,Thu Nguyen,0.48672,36,43
249,GayLovers,0.48672,147,26
250,titericz,0.48612,41,36
251,J,0.48601,48,54
252,Cris Lee,0.48596,59,79
253,wleaon,0.48595,19,68
254,Anakin Shieh,0.48549,54,11
255,irving,0.48484,7,70
256,Artex,0.48478,42,24
257,turtle,0.48475,80,51
258,Robert,0.48472,69,275
259,Brian.hu,0.48457,85,11
260,„Çà„Çç„Åó„Åè„ÅäÈ°ò„ÅÑ„Åó„Åæ„Åô„Äú,0.48451,114,100
261,Yaroslav,0.48446,69,34
262,NTU_r06942141_ÂäâXÈµ¨Á®ãËê¨Èáå,0.48442,100,38
263,foolpig,0.48436,105,19
264,aquila,0.48393,162,12
265,David Silva,0.48371,117,66
266,Dmitry Pranchuk,0.48347,79,38
267,heyt0ny,0.48329,248,4
268,Katsunori Nakai,0.48324,95,35
269,Enric Corona,0.48306,83,123
270,Elly,0.48297,7,46
271,HarryQuake,0.48286,171,25
272,Miklos Kepiro,0.48276,62,70
273,Herosan,0.48256,110,31
274,Pingjun,0.48251,28,83
275,doktor zvyag,0.48246,26,131
276,XY Chen,0.4822,17,54
277,NPLUS,0.48213,13,40
278,[ods.ai] Alex Parinov,0.48189,88,29
279,Zongyao Li,0.4817,80,108
280,NTU_b04505025_‰∏ãÈù¢ÊáâË©≤Ê≤í‰∫∫‰∫ÜÂêß,0.48122,30,46
281,Dick,0.4812,69,44
282,ThisIsSparta,0.48086,43,47
283,szu_hpi,0.48068,65,69
284,RomRoc_team,0.48065,44,72
285,ÊàëÁöÑofferÂú®Âì™Èáå,0.48065,15,69
286,Ahiru-san,0.48048,70,160
287,oujie,0.48044,137,4
288,Hans,0.48035,63,34
289,Aleph,0.48023,28,101
290,NTU_b04504042_Caster5,0.48019,23,13
291,Kevin Hu,0.48009,65,39
292,chaozai,0.47999,7,46
293,YaBoiFranku,0.4798,17,1
294,senshaw,0.47973,30,21
295,Vitaly & Sergey,0.47968,30,147
296,JohnsonTang,0.47961,143,9
297,NTU_r07922094_ÂÖà‰∏çË¶Å,0.47957,39,18
298,JamesYing,0.47949,92,101
299,Data Science KC,0.47925,67,116
300,rock the cells,0.47916,54,28
301,Cihan,0.47898,19,33
302,KMAI_SAVIORS,0.47897,117,11
303,Kevin Lu,0.47872,37,36
304,TSMC,0.47865,24,55
305,RuCambridge,0.47836,69,22
306,Valentin Tiriac,0.47835,126,46
307,CHAD,0.47758,22,9
308,See--,0.47743,105,42
309,omallo,0.47726,26,35
310,tzam,0.47703,82,18
311,Luis Andre Dutra e Silva,0.47681,55,23
312,Alfon,0.47657,65,14
313,IDEALab,0.47602,35,6
314,Menoua Keshishian,0.47598,143,11
315,YH Lin,0.47591,85,53
316,rskmoi,0.47589,125,60
317,tutu,0.4757,3,54
318,Roman Garza,0.47563,22,13
319,ssshch,0.4756,15,25
320,noenzyme,0.47557,92,14
321,Adish and Maria,0.47527,102,101
322,Hemil Desai,0.47522,72,8
323,Jaewook Lee,0.47515,59,18
324,Boglarka Varkuti,0.47472,80,9
325,Ryan Greenblatt,0.47438,28,43
326,Andrea Giardina,0.47414,26,43
327,cwzqxyat,0.47409,101,7
328,Êù®ËÖæ‰Ωº,0.47405,11,1
329,Janos,0.47386,192,42
330,ohadlights,0.47361,154,136
331,NTU_B04611017_ChineseTaipei_‰∏≠OÂè∞Âåó,0.47313,8,61
332,Steven Reitsma,0.47309,13,44
333,Artyom Lyan,0.47287,51,78
334,Zhen Cao,0.47256,42,28
335,aguka,0.47234,92,30
336,LS Gu,0.47211,11,10
337,zaki,0.47209,69,16
338,N_lab,0.47204,66,38
339,jianchel,0.47184,29,41
340,yunhai,0.4717,142,76
341,deepMirror,0.47162,126,9
342,T Flana,0.47147,16,156
343,Blonde,0.4711,17,10
344,Ronaldo S.A. Batista,0.47103,76,37
345,SrineshC,0.47099,22,43
346,Tadeusz Hupa≈Ço,0.47062,149,77
347,KMU_AI_ZEKUS,0.4706,16,37
348,Harsh Thaker,0.47046,60,17
349,NTU_r06922134_Âè∞ÂåóÂ§ßÂÜíÈö™,0.47042,94,30
350,CSWHU,0.47028,98,28
351,tito,0.47004,18,16
352,DeepKlarity,0.46977,37,25
353,Paulo Pinto,0.46977,137,20
354,Marc,0.46944,127,21
355,Agung Yogaswara,0.46941,60,19
356,AngeLeCarre,0.46928,5,27
357,Natthanan Ruengchaijatuporn,0.46906,367,41
358,AbdulWahab Kabani,0.46905,136,4
359,ezra yu,0.46903,117,15
360,dida,0.46897,87,85
361,arao,0.46818,140,74
362,AndrewWang,0.46795,94,44
363,Âõ†ÊûúÂÅáÂæã,0.46785,106,13
364,hpa,0.4676,90,41
365,Dr01,0.46755,11,182
366,disisbig,0.46748,5,38
367,Zhiming Liu,0.46741,171,2
368,sunoonlee,0.46734,55,13
369,Shubhra Aich,0.46733,96,34
370,Chris Holland,0.46726,19,71
371,sandy1112,0.46708,10,52
372,Kong Vo,0.46697,101,25
373,pi-null-mezon,0.46695,5,154
374,takeh.oh,0.46675,133,41
375,Dmitry A. Grechka,0.46674,148,16
376,7A-243,0.46658,103,54
377,Irina,0.46634,13,11
378,VS & SV,0.46617,154,151
379,Vladimir,0.46581,0,47
380,kickback,0.46567,34,110
381,Pavel Polyakov,0.46549,54,113
382,FAU-DLM,0.46535,126,76
383,JaZzZy,0.4653,34,50
384,XiWuXueWei,0.46517,46,27
385,agisga,0.46507,82,31
386,Justfor,0.46486,16,12
387,Mariusz Dmochowski,0.46484,96,5
388,Sama Lam,0.46452,19,1
389,KMAI_seek,0.4644,62,5
390,upsilon,0.46403,28,66
391,BlingBling,0.46396,86,53
392,SyncGold,0.46392,134,36
393,Chandan Verma,0.46382,35,16
394,mengjiexu,0.46332,113,41
395,Mathurin Ach√©,0.4633,112,69
396,Lukasz Grad,0.46311,9,17
397,Konstantin Lopuhin,0.46304,47,13
398,Mark0,0.46304,6,4
399,[ods.ai] Aleksandr Zolotarev,0.46298,42,56
400,mlbgn,0.46297,3,34
401,Mana Leak,0.46285,122,24
402,lets_do_it,0.46274,287,58
403,Kutsal Baran √ñzkurt,0.46265,107,54
404,Sutircome,0.46243,161,68
405,DongHoonKim,0.46224,186,3
406,guxing119,0.46224,93,14
407,Miguel Pinto,0.4622,7,34
408,Thomas Bourgeois,0.46219,99,18
409,DesperaDoD,0.46199,63,26
410,souraj,0.46186,19,25
411,Joy,0.46182,100,28
412,Liudmila Gordeeva,0.46182,121,4
413,momi64,0.46179,185,35
414,Luca Massaron,0.46152,11,6
415,Sergey Zhitansky,0.46136,167,31
416,Sergey Lebedev,0.46087,21,23
417,Zzzaz,0.46061,6,17
418,chandyalex,0.46044,46,39
419,ShawnTung,0.46035,33,92
420,Yuya OKD,0.46033,71,102
421,Jian Zhou,0.45999,71,34
422,mrkmakr,0.45997,12,81
423,James and George,0.45986,15,14
424,olegpolivin,0.45983,36,69
425,L1,0.45957,64,5
426,zhe zheng,0.45952,10,55
427,vivekkumar,0.45948,160,47
428,bamboopu,0.45935,141,9
429,German Sokolov,0.45925,118,17
430,t369,0.45925,75,107
431,Deekshith,0.45922,180,5
432,meettyj,0.45912,321,11
433,JB_nb,0.45909,20,23
434,Lingyi Cai,0.45893,9,23
435,consistent_mileage,0.45877,194,60
436,Kaggoo,0.45874,138,42
437,Eve Eves,0.45872,35,4
438,Michal Haltuf,0.45861,58,71
439,…¥ico ü…ës úe Ä Äan,0.45849,264,3
440,AiKho Team,0.45849,264,4
441,[TensorCell] Patryk Binkowski,0.45849,264,7
442,Pawan Jain,0.45849,264,3
443,Tetyana Yatsenko,0.45849,264,18
444,LU,0.45849,193,18
445,OrKatz,0.45849,263,13
446,Zihan Huang,0.45849,263,11
447,JimmyTran,0.45849,176,18
448,YuchenSun,0.45849,262,9
449,pro_team,0.45849,262,52
450,nacun,0.45849,262,7
451,AshishSinha,0.45849,262,3
452,NxGTR,0.45849,190,6
453,Amit Kumar Jaiswal,0.45849,187,7
454,ashwin,0.45849,260,11
455,Mr. Pan,0.45849,260,21
456,Arthur Llau,0.45849,260,13
457,Pavitrakumar P,0.45849,192,4
458,hawks10,0.45849,259,2
459,KMAI_csv,0.45825,61,16
460,Boilermaker Mat,0.45816,249,23
461,MohaI,0.45808,240,111
462,xiechuangliang,0.45808,41,48
463,Kishore M,0.45805,157,13
464,DutchAI,0.4577,77,60
465,gavrand,0.45749,110,16
466,tarobxl,0.45746,12,2
467,Jaideep,0.45727,133,68
468,chhaatra,0.4571,157,10
469,Dasha,0.45703,157,8
470,FreeAJust,0.45703,181,51
471,GuoFu.Yang,0.45693,32,52
472,vikash,0.45668,201,20
473,Xiaozhong2019,0.45619,205,5
474,Sebastian Moguilner,0.45615,217,8
475,"[""hip"",""hip""]",0.45614,126,18
476,Nuno Ferreira,0.45608,182,27
477,DaveRo,0.45598,46,16
478,stumpen,0.45586,80,20
479,Vasil K.,0.45585,137,34
480,Breck,0.45568,6,50
481,chiwang,0.45566,116,1
482,Eigencorp,0.45564,66,8
483,EnglishBo,0.45564,52,30
484,sophie1111,0.45563,41,32
485,Vansh Jatana,0.45555,264,6
486,Placeholder,0.45554,251,19
487,Sergeeva Sofiya,0.45554,251,17
488,Guglielmo Camporese,0.45554,251,35
489,Sridhar,0.45554,251,19
490,nnnnick,0.45554,251,7
491,mks,0.45554,251,8
492,Pierre Tisseur,0.45554,251,2
493,tinyb0y,0.45554,186,11
494,k.n.,0.45554,250,3
495,Fizmath,0.45554,250,2
496,Vipul Rai,0.45554,250,8
497,IYRWI,0.45554,250,11
498,try,0.45554,250,2
499,kdaqlkgjnmaklvmnkankl,0.45554,251,5
500,HUSTerGOGOGO,0.45554,251,8
501,Migs Rocha,0.45554,251,14
502,dingxianghu,0.45554,253,4
503,bilac,0.45554,253,1
504,ZFTurbo,0.45554,135,5
505,Kumar Shubham,0.45554,191,2
506,DSEverything,0.45554,144,17
507,Lawrence Chernin,0.45554,250,2
508,Dinghow Yang,0.45554,105,7
509,gauravchopracg,0.45554,249,30
510,Kristin M,0.45554,249,2
511,Bibin Paul,0.45554,249,3
512,s366chen,0.45554,249,3
513,Pranshu Kumar,0.45554,249,1
514,ShikunLiu,0.45554,249,2
515,RUC_AI2_Hongfeng&Huahui,0.45554,249,2
516,vinmuk,0.45554,249,39
517,Elan Rosen,0.45554,249,1
518,vanAmsen,0.45554,249,13
519,SaamahnMahjouri,0.45554,249,6
520,Nithinthakur,0.45554,249,4
521,ChandrashekharAdhage,0.45554,249,2
522,Bulat Zagidullin,0.45554,249,5
523,Alex Gaziev,0.45554,249,2
524,Roman,0.45554,249,5
525,Sujeeth S,0.45554,249,15
526,Aleksey Alekseev,0.45554,249,31
527,pi_net,0.45554,249,10
528,echohao1996,0.45554,249,4
529,Data Craze,0.45554,249,4
530,–ö–∏—Ä–∏–ª–ª –¢—É—à–∏–Ω,0.45554,249,27
531,Shery Malik,0.45554,249,5
532,lsdifasd,0.45554,249,1
533,liuzy,0.45554,249,3
534,Van de Rakt,0.45554,249,2
535,alex_str,0.45554,249,7
536,Andrey Vykhodtsev,0.45554,120,3
537,Tenich,0.45554,248,5
538,Niranjan Singh,0.45554,248,2
539,Eyal Katz,0.45554,179,11
540,WispZero,0.45554,247,2
541,Anton Chikin,0.45554,247,1
542,Sergey Enikeev,0.45554,212,13
543,RayH,0.4553,298,5
544,KMAI_SweetPotato,0.45516,127,22
545,AdityaSidharta,0.45507,176,1
546,Patrick DeKelly,0.45507,108,4
547,Oz,0.45505,187,61
548,Alan Konarski,0.455,244,53
549,dtborders,0.45497,114,40
550,Vince,0.45484,332,17
551,Romain Destenay,0.45477,488,1
552,schwanabc,0.45477,114,44
553,Niranjan Nakkala,0.45475,65,6
554,ag,0.45475,179,51
555,Fang Fang,0.45435,115,27
556,team_s,0.45401,69,18
557,WilhelmWedernikow,0.45381,49,16
558,Brian Farrar,0.45378,284,68
559,Pierre Frt,0.45372,368,21
560,calibur,0.45356,15,2
561,3ERafs20d,0.45337,223,33
562,chuangbinchen,0.45331,133,5
563,Longhao Zhao,0.45306,95,15
564,Takayuki Okamoto,0.45304,67,22
565,Nikolay Prokoptsev,0.45297,131,17
566,Deep Retina,0.45279,340,49
567,yk13,0.4527,42,26
568,awp3214,0.45257,42,5
569,Gary Chang,0.45255,89,17
570,Denis Meng,0.45228,464,1
571,sist_lee,0.45228,343,7
572,bearbee,0.45227,47,4
573,KMAI_gongbyeongmin,0.45202,2,36
574,zhangeng,0.45195,22,140
575,Epochs of Fury,0.45181,125,62
576,cientgu,0.45179,101,10
577,young7346,0.45177,1,10
578,Tianze,0.45165,96,13
579,Fabian Rathke,0.45164,86,36
580,mephistopheies,0.45158,38,88
581,i2tm,0.4515,15,26
582,yyob,0.45139,121,32
583,NTU_r06525062_SCCS,0.45113,49,12
584,r06921006_CarlChang,0.45106,231,7
585,Brian,0.45086,362,164
586,522,0.45082,272,73
587,Aleksandr Dokuchaev,0.45064,32,23
588,little bird,0.45063,35,19
589,huiqin,0.45059,339,9
590,pipipi,0.45039,205,31
591,Keith Short,0.4502,23,5
592,Md Adilur Rahim,0.44997,179,44
593,txnm359,0.44996,47,9
594,mingye,0.44994,172,14
595,VictorBonnet,0.44985,306,12
596,Datta,0.44984,207,6
597,PengOmar,0.44982,196,89
598,Truoc Pham,0.44981,6,7
599,Maxime Rich√©,0.44981,304,95
600,Aleksei,0.44977,155,69
601,Kent Chiu,0.44975,191,4
602,alijs,0.44941,32,3
603,Frank Cyan,0.4494,42,3
604,hung,0.44936,31,3
605,Arunkumar V Ramanan,0.44936,31,25
606,what_are_you_waiting_for,0.44936,32,10
607,copasta,0.44936,17,16
608,smota,0.44936,122,15
609,Nooh,0.44936,32,7
610,Zehao Zhao,0.44936,33,7
611,JohnM,0.44936,33,1
612,Ankit Sati,0.44936,33,7
613,Kirill Simakov,0.44936,33,14
614,Edmon,0.44936,33,2
615,SmartSpotters,0.44936,33,13
616,Hui Wong,0.44936,35,49
617,Rishi,0.44936,35,5
618,Svet,0.44936,35,26
619,Pranav Pandya,0.44936,36,1
620,andrekos,0.44936,37,6
621,avataraki,0.44924,313,6
622,KMAI_ABCDE,0.44922,65,6
623,chen w,0.44915,39,1
624,Lorenzo Peppoloni,0.44907,108,17
625,Georgy Konoplich,0.44903,280,4
626,Jason Dong,0.44878,278,15
627,dan musetoiu,0.44867,56,59
628,David Yuan,0.44864,33,15
629,hey bro,0.44851,89,10
630,NewbieDataScientist,0.44846,95,19
631,zzz333,0.44844,303,42
632,Eminem1147,0.44827,110,22
633,Xiong Haiquan,0.44826,265,10
634,anchoret,0.44822,117,12
635,ateam?,0.4482,248,20
636,gouda,0.44808,304,121
637,James Requa,0.44807,68,17
638,PiotrLewanda,0.44807,55,29
639,something4kag,0.44791,281,70
640,Amir Erfan Eshratifar,0.4479,365,76
641,markov,0.44785,102,1
642,Ricardo Ocampo,0.44783,95,11
643,Aramis,0.44783,95,6
644,FerasOdeh,0.44783,95,24
645,Arthur Stsepanenka,0.44783,95,10
646,Sergey Sysoev,0.44783,95,10
647,Anthony & Tristin,0.44782,118,42
648,Jo,0.44769,164,64
649,Gunther,0.44767,258,65
650,Â∏¶Â∏¶Â§ßÂ∏àÂÖÑ,0.44762,173,27
651,peterhwang2010,0.44759,39,19
652,bestpredict,0.44756,147,2
653,Overfitting-Forever,0.44738,151,31
654,Tim Joseph,0.44738,191,26
655,Vilen Jumutc,0.44733,260,111
656,Arpit Garg,0.44719,153,12
657,David Reid,0.44712,224,4
658,Trang,0.44698,188,60
659,BMIR,0.44695,25,13
660,Parkinson Zabelin,0.44693,128,26
661,Vadiraj,0.44686,231,23
662,PeterSorensen,0.44685,215,1
663,Ajaxon6255,0.44677,222,4
664,Tony Y.,0.44674,316,3
665,shadowu,0.44671,6,4
666,studentx,0.44666,12,4
667,leeli,0.44654,155,52
668,BiooooMod,0.4465,74,67
669,Trevor La Pay,0.44643,296,8
670,Olga Ivanova,0.44635,151,63
671,Joseph Romani,0.44633,248,1
672,DavidGbodiOdaibo,0.44628,265,28
673,Amanul&Farhan,0.44626,46,9
674,Andrey Romanov,0.44618,138,10
675,Â§ßÂùëÊØÖ,0.44611,141,7
676,Roman Furko,0.44588,205,38
677,interstate50,0.44586,84,8
678,Flavien Gelineau,0.44577,198,2
679,Andrew Shevelev,0.44575,56,9
680,DUNT‰∏ÅÂÖÜ‰∫ëDMËØæÁ®ã2018ÁéãÈõÖÁê™,0.44575,255,1
681,Smile,0.44569,85,5
682,Alexus1000,0.44558,185,158
683,GeoA,0.44551,382,36
684,fam_taro,0.44545,13,28
685,Arnold Kuo,0.44544,271,3
686,fuyong_Xu,0.44543,98,1
687,duzeng,0.44542,193,52
688,turn down for what,0.44529,161,5
689,Mike Kim,0.44526,180,5
690,Riku Turkki,0.44502,5,1
691,siero,0.445,61,11
692,David C,0.44499,279,3
693,Hassam Riaz,0.44495,33,1
694,SouravSingh,0.44494,29,9
695,ProtsNOats,0.44491,201,50
696,437,0.44483,234,29
697,Martin Bonardi,0.4448,138,26
698,MX,0.4448,93,1
699,DIG,0.44477,183,49
700,Gael Blanchard,0.44466,26,4
701,NTU_r07943004_Ëç≥Ëç≥ËàáÊ∞¥Ë±ö,0.44463,173,15
702,nor,0.44453,206,366
703,Chengyi Wang,0.44451,227,11
704,KMAI_Î©ãÏüÅÏù¥Îì§,0.44446,10,11
705,Natalia Pavlovskaia,0.44443,217,64
706,yyll008,0.44435,24,2
707,ruc_xytx,0.44432,271,14
708,lingyan zg,0.44428,387,12
709,SicilyTing,0.44424,242,6
710,loveSnowBest,0.4442,112,7
711,john_ting,0.4442,133,5
712,stormstone,0.4442,146,7
713,sneffort,0.4442,146,9
714,KMAI_Pat and Mat,0.4442,146,11
715,Divya Komaravolu,0.4442,146,6
716,Prabhat Kanaujia,0.4442,149,5
717,Bac Nguyen Cong,0.444,8,50
718,xpw1,0.44392,193,6
719,Yuan Tian,0.44391,43,6
720,Ê¢¶ÊÉ≥ËøòÊòØË¶ÅÊúâÁöÑ,0.44386,274,25
721,MSJose,0.44383,190,6
722,Riccardo Gallina,0.44381,74,2
723,samirthapa,0.44379,101,3
724,rentiansky,0.44376,138,15
725,Vishy,0.44376,120,9
726,chenhao,0.44373,213,9
727,Chaoxi Xu,0.44372,237,2
728,without GPU,0.44363,262,24
729,macroF1score=1,0.44352,465,10
730,Luke Gehman,0.4435,259,3
731,Nitin Bhandari,0.44333,290,1
732,KaggLeNet,0.44322,154,1
733,Austin Chen,0.44321,81,18
734,Eleusiz Kanat,0.44316,273,12
735,kojimar,0.44311,144,21
736,strnam,0.44305,241,12
737,Tian Qi (Luke),0.44302,135,9
738,Musinov Dmitriy,0.44299,131,14
739,HMaryuer,0.44288,206,5
740,JinJinBary,0.44285,161,13
741,66h,0.44282,218,2
742,cant afford GPU lol,0.4428,238,13
743,Vinay Raghavan,0.44272,70,4
744,5 Criminals,0.44245,234,77
745,ÂõΩÊ∞ëË°®Áéá Á§æ‰ºöÊ†ãÊ¢Å,0.44242,205,23
746,Lukasz Nalewajko,0.44235,294,17
747,Fei WU,0.44233,138,3
748,"Rebecca, Brie",0.44227,290,13
749,KMAI_STRANGER,0.44223,169,14
750,KMAI_RokmcNet,0.44223,169,15
751,yuki,0.44213,63,1
752,crystalmatrix,0.44212,158,1
753,ZuoVJ,0.44198,156,6
754,LCX1994,0.44196,229,30
755,Martin jensen,0.44196,391,21
756,xiaofeixia,0.44194,165,1
757,Marek,0.44193,130,94
758,AbhilashVJ,0.44166,159,2
759,ZhichengZhang,0.44157,144,1
760,Yule Wu,0.44151,222,33
761,Uroboros,0.44123,125,7
762,BIITampere,0.44122,298,22
763,ryochan,0.44107,127,31
764,Gaozb,0.44107,127,31
765,CuiZiqiang,0.44104,142,9
766,Amir Zamli,0.44097,35,15
767,Goldmann,0.44097,177,4
768,StevenTMHsuÂæ∑Êòé,0.44095,131,16
769,Ido,0.44092,42,24
770,Chang CHI,0.44091,23,7
771,Harsh Chaudhari,0.44083,221,2
772,Ning Li,0.4408,105,1
773,penguin,0.44078,114,8
774,Aditya Sharma,0.44068,245,2
775,yosick,0.44057,290,35
776,Jixing Yao,0.44043,244,38
777,sdfdf,0.44025,77,31
778,johntiger1,0.44016,176,2
779,liangosc,0.44007,279,15
780,kiyomomo,0.44,325,13
781,vadiksadik,0.43998,227,11
782,Akshita Bhagia,0.43988,190,24
783,resxl,0.43982,63,9
784,dama,0.43981,54,3
785,TianjieCheng,0.43974,222,16
786,VM411,0.43973,209,20
787,Sylvain Desroziers,0.43972,243,5
788,Patrick Farley,0.43971,90,1
789,AU12,0.4397,205,63
790,HaiderAlwasiti,0.43967,302,6
791,Zhang Jiannan,0.43954,227,41
792,oalenkin,0.43951,183,19
793,gakki,0.43951,277,1
794,POSTECH,0.43948,137,20
795,nvnn,0.43943,277,18
796,UTmed_OTAKU,0.43937,93,9
797,John Bradley,0.43935,197,22
798,LM,0.43933,274,8
799,Th√©ophile Leparmentier,0.4393,196,9
800,Alexander Teplyuk,0.43916,160,9
801,Chia-Ta Tsai,0.43908,280,19
802,Rajath,0.43892,240,52
803,Roland Luethy,0.43892,81,32
804,KMAI_SWSW,0.43887,285,7
805,Anton Lebedev,0.43884,245,16
806,zoujiemeng,0.43871,178,2
807,cvdesign,0.43868,13,15
808,HirotoKamoi,0.43868,121,1
809,Ruslan Talipov,0.43866,213,5
810,AdelZakirov,0.43863,192,2
811,SHAOMAI,0.43859,141,45
812,Wireless Infidelity,0.43858,162,8
813,GideonTeo,0.43856,130,5
814,Erik Gaasedelen,0.43855,128,2
815,NTU_r06723053_MLB_aseline,0.43854,15,20
816,zhangshi,0.43848,310,5
817,Alex Huang,0.43846,184,15
818,blue0620,0.43839,70,31
819,magicoderr,0.4383,252,25
820,Alexander Ponomarchuk,0.4383,126,29
821,Reddi Sanjeev Kumar,0.43829,11,5
822,Vaibhav Sahu,0.43797,111,7
823,JohnWei,0.43797,26,6
824,Lu Yang,0.43795,128,3
825,Greatest Ever,0.43785,183,22
826,yilang,0.43778,90,38
827,Rand Xie,0.43769,126,24
828,pectinid18,0.4376,120,17
829,MT,0.43749,148,32
830,Karl Hornlund,0.43728,199,4
831,Mark Conway,0.43726,170,9
832,Phan Hoang,0.43715,244,16
833,ZJC,0.43714,384,25
834,Georgi Pamukov,0.43709,162,12
835,lovekey,0.43697,287,14
836,Tsundukani Makhubela,0.43695,17,6
837,FSA,0.43695,17,4
838,Minh T√¢m,0.43695,17,25
839,VivekPraturi,0.43695,16,1
840,Arun,0.43695,16,1
841,daten-kieker,0.43695,16,2
842,senkin13,0.43695,16,2
843,Elisey Gusev,0.43695,16,1
844,LUO ZIXIANG,0.43695,16,1
845,AnoopKulkarni,0.43695,16,1
846,Fadhli,0.43695,16,4
847,butp_342,0.43695,16,18
848,Ayush Patel,0.43695,15,13
849,Konstantin Maksimov,0.43695,15,2
850,Zhiyang Li,0.43695,15,1
851,Bharat S Raj,0.43695,15,1
852,AcademycalBastard,0.43695,15,1
853,Margin,0.43695,15,3
854,Masahiro Igarashi,0.43695,15,27
855,JamesOConnor,0.43695,15,1
856,protyclassify,0.43695,15,7
857,PavelLiashkov,0.43695,15,3
858,Xinyao,0.43695,15,7
859,Daniil Fishman,0.43695,14,3
860,Shiyuan Zhang,0.43695,14,1
861,Masoud,0.43695,14,8
862,Vishal Gupta,0.43695,14,1
863,JIAJING,0.43695,13,12
864,borislavmilkov,0.43695,13,7
865,Just4Fun,0.43695,13,6
866,Carrie Lui,0.43695,13,2
867,JGJP,0.43695,13,3
868,Jeroen van Muiswinkel,0.43695,13,7
869,Paul Hooker,0.43695,13,1
870,Merry Dog,0.43695,13,2
871,Jxtang0920,0.43695,9,5
872,Humayra Ashraf,0.43695,9,7
873,y430,0.43695,9,2
874,EE258_F18_NavyashreeChandraiah,0.43695,7,3
875,Hope,0.43695,7,12
876,DeepCore,0.43695,7,7
877,Kimura,0.43695,7,4
878,Piyush,0.43695,7,6
879,lao ga,0.43695,7,6
880,[unm] Nathan Banks,0.43693,26,7
881,ÏµúÏäπÌù¨,0.43693,152,7
882,CarlTang,0.43687,35,20
883,kapanoruninupane,0.43682,8,11
884,nhm~,0.43681,76,8
885,Vitaly Portnoy,0.43676,83,3
886,EnzoAmpil,0.4366,199,1
887,kageka,0.43657,344,3
888,Florentina,0.43653,69,7
889,junjordan,0.43637,283,13
890,Heng Zheng,0.43636,72,8
891,Shu Zhang,0.43633,20,5
892,zccy,0.4363,24,3
893,Fernweh,0.43628,88,2
894,Walter,0.43627,291,4
895,Pan Wang,0.43625,77,2
896,KMAI_Plus,0.43625,372,34
897,Bishesh,0.43625,269,8
898,MinhDung,0.43622,218,28
899,Justin Carmichael,0.43615,24,5
900,dsl2018,0.43614,126,7
901,MengKun,0.436,360,4
902,Lvzw,0.43599,285,33
903,Volodymyr Pavlenko,0.43587,333,1
904,XII,0.43577,240,48
905,Dream Navigator,0.43577,64,2
906,Abhilash Awasthi,0.43577,64,22
907,seungae,0.43576,48,4
908,aoya,0.43573,96,1
909,sgmiriuka,0.43565,4,19
910,AbhinavDutt,0.43564,217,39
911,Team 273,0.43556,209,30
912,wl,0.43551,10,28
913,Lei Peng,0.43538,59,1
914,kcyee,0.4353,289,37
915,NZND,0.43524,120,44
916,Boyan Rong,0.43519,131,9
917,PoorUIUCfolks,0.43515,36,3
918,ghostintheshell,0.43499,661,17
919,Chanchal,0.43489,84,1
920,BDataKnowmad,0.43485,103,6
921,dimkorb,0.43484,90,56
922,Mark Hewitt,0.43484,90,1
923,Ayman Khalafallah,0.43484,90,2
924,Kh√¥ng th√≠ch TOP,0.43484,90,5
925,Terence Wang,0.43484,90,18
926,Pro_Kaggler_HT,0.43484,90,3
927,JinxMinx,0.43481,10,9
928,junjunguo,0.43469,50,1
929,Ching-Loong Seow,0.43463,56,13
930,HOHOYAO,0.43439,49,30
931,Ioannis,0.43436,105,9
932,Mehul Sampat,0.43426,246,4
933,Vladimir Larin,0.43415,28,7
934,Xiangze Dubian,0.43415,47,1
935,minus9d,0.43406,10,1
936,feng,0.43349,192,3
937,Chris Norman,0.43344,51,2
938,YTworks,0.43328,140,116
939,KMAI_yujeong&sujin,0.43313,65,9
940,Weikai,0.43293,248,13
941,MichaelCarlon,0.43291,266,71
942,Yi Shen,0.43283,187,1
943,lxgxl1,0.4328,67,1
944,Eduardo de Oliveira Ferreira,0.43279,330,9
945,anastasb,0.43273,108,26
946,rm -rf /,0.43272,330,8
947,lai zhaoyuan,0.43262,77,1
948,cpbotha,0.43262,159,27
949,VaiViDya,0.43254,226,16
950,MykolaSharhan,0.43251,160,10
951,Saronio,0.43241,491,9
952,Dromosys,0.43237,396,16
953,zuchunshan,0.43235,356,1
954,Dandan,0.43221,277,41
955,Alex_Scut,0.43212,107,10
956,alanayu,0.43166,348,62
957,stat841team,0.43152,18,13
958,Rich He,0.43147,26,42
959,lasershow,0.43144,66,1
960,Hung Nguyen The,0.43138,63,6
961,Jason Max Lin,0.43135,340,40
962,jisenquan,0.43132,19,4
963,panzhang,0.43106,153,1
964,londalemex,0.43097,157,8
965,harleys,0.43086,109,15
966,Talent smith,0.43062,3,1
967,Elahi,0.43057,293,227
968,kaggletest2018,0.43037,23,14
969,Alex Glinsky,0.43035,432,12
970,Karl Heyer,0.4302,29,25
971,Tanner Carbonati,0.42993,122,11
972,Azat Akhtyamov,0.42974,383,33
973,xiabin,0.4296,388,49
974,RUC1996,0.42957,247,10
975,yuns,0.42957,247,3
976,Denis Logvinenko,0.42937,59,13
977,SnowAIR,0.42918,479,28
978,Ajit,0.42914,83,21
979,KMAI_SWIFTER,0.42913,14,4
980,Amine Akrout,0.42909,71,1
981,Nilesh,0.42909,71,9
982,Aleksandar,0.42903,313,64
983,Nek Huang,0.42901,373,35
984,claudehang,0.42897,53,7
985,Luc YE,0.4289,24,36
986,Terran Tang,0.42862,11,9
987,xjXu,0.42837,14,1
988,Kenchi,0.42815,9,109
989,Armin25,0.42806,417,1
990,Sanjay Agrawal,0.42806,417,8
991,stakmorkernelz,0.42805,25,1
992,taka5hi,0.42796,153,1
993,wangshujie,0.42794,181,10
994,austinkk,0.4279,464,1
995,Varun Prabhu,0.42779,69,104
996,Cedric Chee,0.42767,81,2
997,Tricia,0.42767,81,2
998,Feiran Zhang,0.42767,58,5
999,ilovescience,0.42767,59,14
1000,zgljl2012,0.42767,79,1
1001,Blue,0.42767,58,5
1002,Shani Tol,0.42767,78,2
1003,liuru peng,0.42767,78,4
1004,Konstantin Kotik,0.42767,56,12
1005,Tuduri Eduard,0.42767,56,6
1006,jtlowery,0.42767,76,2
1007,23.59,0.42767,76,5
1008,Chiheb H.,0.42767,76,2
1009,Ahmed Mostayed,0.42763,111,9
1010,aDataGuy,0.42759,106,15
1011,Salsinats,0.4275,205,37
1012,Roman Degtyarev,0.42743,7,1
1013,OlivierBoisard,0.42725,55,21
1014,china_girl,0.42718,84,13
1015,zhouc,0.42707,391,3
1016,Vladimir Sokhatskyi,0.42701,39,8
1017,yashish,0.42671,137,4
1018,Will Knez,0.42664,110,5
1019,Bubble,0.42624,286,1
1020,torched wursts,0.42621,103,37
1021,kanbac5,0.4262,31,25
1022,dolwijit13,0.42593,6,5
1023,Maria Zorkaltseva,0.42591,7,16
1024,zhangvision,0.4259,356,12
1025,ChePochem,0.42583,122,26
1026,Dai Yi,0.42578,39,32
1027,yknmt,0.42576,80,4
1028,Enthusiast,0.42552,10,137
1029,KnowThruConfocal,0.42544,38,32
1030,ÈπèÁ®ã Êñπ,0.42534,545,38
1031,ahmed hammam,0.4253,102,5
1032,Vikas Kumar,0.42499,96,18
1033,Xmiler,0.42468,17,31
1034,NTU_d07946003_ÊÄ™Áç∏ËàáÁâ†ÂÄëÁöÑÁ†îÁ©∂Áîü,0.42466,237,20
1035,E.P.K,0.42457,448,113
1036,new,0.42452,149,33
1037,Chris Oosthuizen,0.42443,578,22
1038,iguchi$$$$$,0.42438,151,4
1039,Paolo Loro,0.42423,24,39
1040,Ivan Meleshko,0.42418,2,4
1041,Wcw1,0.42418,9,20
1042,Leigh,0.42414,42,20
1043,Antti K,0.42406,67,7
1044,Aicanghai_Smile,0.42385,432,51
1045,Bob Wan,0.42384,68,5
1046,Eric Aragorn,0.42384,15,13
1047,KCYang,0.42375,2,15
1048,WaterWood,0.42325,42,2
1049,PLUS,0.42319,82,23
1050,Weimin Wang,0.42293,64,7
1051,Joe Jeo,0.4229,93,17
1052,whao,0.42288,147,15
1053,Sungguk Cha,0.42284,66,5
1054,Sam_,0.42281,10,5
1055,NTU_r06943149,0.42255,28,9
1056,Zakhar Pashkin,0.42252,252,1
1057,LawsonChen,0.42233,106,14
1058,Nitipon056,0.42198,72,1
1059,tamreff3290,0.42175,137,18
1060,kch,0.42154,259,5
1061,Daniel M√∂ller,0.42146,161,65
1062,yefeng,0.42119,20,25
1063,PHP No.1,0.42112,90,25
1064,Lassi Paavolainen,0.42061,140,13
1065,MaritzaTynes,0.42048,17,15
1066,AICTS,0.4204,65,15
1067,krznio,0.42031,144,9
1068,Kun Hao Yeh,0.41997,72,17
1069,Yang B,0.41992,21,19
1070,izktmys,0.41989,37,116
1071,NTU_r06521504_ÈöäÂêçÊàëÊÉ≥ÊÉ≥,0.41941,54,22
1072,M.A.D,0.41933,40,6
1073,chuck,0.41886,45,27
1074,NorthernLights,0.4187,180,36
1075,KastenBrot,0.41869,107,8
1076,Christoffer G,0.41865,67,18
1077,UnoFloristo,0.41864,756,97
1078,Susnato,0.41853,20,1
1079,DiMi,0.41853,20,1
1080,CNNProtein,0.41853,20,1
1081,Noel,0.41853,20,1
1082,Shiro Kawakita,0.41853,20,1
1083,Artem.Sanakoev,0.41853,20,2
1084,Zhu Xi,0.41853,20,2
1085,MarcYueZhao,0.41853,20,1
1086,sipeng zheng,0.41843,5,9
1087,Rowe,0.41836,37,35
1088,ActiParty,0.41828,31,44
1089,ËÆ∞ÂΩïËÄÖ,0.41811,38,20
1090,TomMiller,0.41795,90,74
1091,BlackMagic,0.41751,173,71
1092,yangyaw1,0.41739,46,35
1093,Abhishek Nagaraja,0.41725,41,1
1094,Angel,0.41722,120,7
1095,Yun Yun,0.41716,45,4
1096,ben-lin,0.41714,28,9
1097,V. Gates,0.41706,111,3
1098,ShengHungJuan,0.4168,4,9
1099,Joshua,0.41673,51,13
1100,D_Yordanov,0.41665,71,21
1101,Andre Cpc,0.41638,20,7
1102,Guryanov Alexey,0.41635,48,2
1103,Phongdk,0.41631,104,18
1104,aryuer,0.41624,63,12
1105,Astrocyters,0.41617,81,1
1106,please give me money,0.41563,33,2
1107,zhengge,0.41562,587,46
1108,weixing0909,0.41561,62,4
1109,Kin Lam,0.41557,2,11
1110,manyglaciers,0.41534,66,20
1111,DL,0.41467,67,4
1112,Maxime Fournioux,0.41462,4,4
1113,Frank Guo,0.41462,164,34
1114,Aakash N S,0.41441,54,24
1115,cyhile,0.41432,175,12
1116,CRay1991,0.41418,75,1
1117,ABU-ML,0.41418,244,19
1118,wendeldu,0.41404,32,34
1119,pangpang,0.41398,554,11
1120,Molly,0.41355,44,1
1121,Weijia.wu,0.41352,42,7
1122,Kunwar Raj Singh,0.4135,13,19
1123,cedric v-c,0.41342,19,3
1124,Ethan Furstoss,0.41305,70,10
1125,Tiago Rodrigues,0.41293,37,45
1126,Matthias Dorfer,0.41275,80,4
1127,Itay,0.41252,54,10
1128,Rokoson,0.41249,29,28
1129,Master,0.41248,217,11
1130,Francisco Navarro Morales,0.4123,42,7
1131,Christopher Berner,0.41217,1,68
1132,Dhaval Mayatra,0.412,134,10
1133,Goutam,0.41197,62,8
1134,FuLin,0.41192,14,8
1135,flixpar,0.41191,726,19
1136,Dan Botchan,0.41189,112,4
1137,Daisuke Shibato,0.41184,63,5
1138,Agent J,0.41178,51,37
1139,justtttry,0.41155,49,5
1140,kojeonghoon,0.41111,72,7
1141,Kostiantyn Isaienkov,0.41085,6,1
1142,RNS,0.41076,36,1
1143,jonna,0.41075,115,19
1144,Kevin Menden,0.41054,12,22
1145,sw_tju,0.41052,9,5
1146,team DUT,0.41041,31,39
1147,lyz_aaa,0.41026,9,3
1148,Kazumi Sakamoto,0.4102,38,9
1149,Chunyu Hao,0.40993,36,6
1150,Monty Python,0.40946,17,9
1151,Zebrababa,0.40901,128,14
1152,sklan,0.40833,88,15
1153,Tadashi Kikuchi,0.40821,97,1
1154,JunCheng,0.40817,144,31
1155,Nisar,0.40811,61,9
1156,manmay nakhashi,0.408,41,3
1157,XpatDog,0.40795,60,7
1158,Í≥ΩÌôçÏû¨,0.40786,6,2
1159,Sandeep,0.40784,63,3
1160,KevinB,0.40704,18,17
1161,Kunal Anand,0.40692,86,28
1162,Swenq,0.40686,42,16
1163,NTU_r07921078_4000ÁõÉ,0.40673,138,26
1164,Oliver,0.40671,19,17
1165,NewJanko,0.40648,24,22
1166,Yu-Huan Wu,0.40639,70,16
1167,Gang Xu,0.40639,70,9
1168,Oleg Shapovalov,0.40573,469,40
1169,Play To Win,0.40534,2,14
1170,playertwo,0.40494,286,30
1171,BUG Maker,0.4048,21,3
1172,KaiqiangHuang,0.40479,3,34
1173,aaronzs,0.40463,12,23
1174,leonli,0.40462,105,11
1175,Inga Kuznetsova,0.4046,22,48
1176,davidLee,0.4044,73,2
1177,Mukhit Ismailov,0.40364,70,5
1178,Praveen Adepu,0.40325,78,3
1179,mrkito,0.40296,54,1
1180,Savioz,0.40296,54,1
1181,Vayko,0.40282,38,4
1182,stasbel,0.40245,139,6
1183,amine-team,0.40233,91,3
1184,Tenzin,0.40198,57,32
1185,Sourav84,0.4019,36,7
1186,DennisSakva,0.40155,57,30
1187,Alexander,0.40151,3,11
1188,Benedikt Wagner,0.40144,9,2
1189,KMAI_Orange,0.40142,20,6
1190,KrisAmadeus,0.40104,86,11
1191,SeoungSeonJeon,0.40099,54,2
1192,Ilya Evenbach,0.40079,117,15
1193,Vlad,0.40079,117,1
1194,Moral Bankruptcy,0.40079,117,1
1195,PC Jimmmy,0.40079,77,39
1196,Marvin Chanc√°n,0.40079,116,14
1197,prvi,0.40074,157,52
1198,TD0123,0.40073,69,1
1199,alexfaedda,0.40056,601,79
1200,LittleHorse,0.40016,40,12
1201,CSUlalala,0.4001,4,4
1202,Michael Lee,0.40009,40,3
1203,Vishnu,0.40006,24,6
1204,Artem Korenev,0.39996,32,3
1205,Van-Thanh Hoang,0.3998,88,27
1206,dimmu,0.39952,22,5
1207,Haha,0.39951,44,7
1208,YangzheLiu,0.3995,270,24
1209,_/\_martin_/\_,0.39938,8,42
1210,Amir Livne,0.39896,36,22
1211,LonelyHunter,0.39859,46,7
1212,Karyuu,0.3981,146,24
1213,rajat800,0.39785,17,2
1214,Tunnan_56,0.39782,31,6
1215,filipix,0.39778,42,85
1216,flowlight,0.39697,5,26
1217,Sergi Adipraja Widjaja,0.39689,82,27
1218,zxcvb,0.39676,7,2
1219,Yongfei,0.39667,53,5
1220,NCIC,0.39667,6,29
1221,aglotero,0.39636,23,19
1222,S. Panchenko,0.39594,83,9
1223,Blue Casval,0.39576,72,5
1224,Maor Shutman,0.39566,55,31
1225,Suraj kumar,0.39541,45,26
1226,SHU99,0.39518,44,34
1227,xin he,0.39517,1,20
1228,Yiannis K.,0.39441,23,5
1229,Abhishek Ranjan,0.39409,30,19
1230,laygin,0.39391,89,4
1231,Tenairs,0.39376,0,39
1232,Peter,0.39367,102,4
1233,chasing star,0.39304,38,2
1234,zhimai,0.3929,14,5
1235,SpqceD,0.39287,22,1
1236,foo_bar,0.39247,30,22
1237,Daniel The Programmer,0.39241,50,4
1238,ZLZ,0.392,27,12
1239,ggggggg,0.39198,32,19
1240,mohamed1,0.39184,13,2
1241,Vlad Shmyhlo,0.39178,609,9
1242,Siarhei Fedartsou,0.39168,22,6
1243,jps,0.39081,74,8
1244,Sasha Korekov,0.39078,11,18
1245,Kyle Ashley,0.39072,47,36
1246,Polti,0.39062,8,10
1247,FelipeKitamura,0.39052,29,58
1248,Kurtis Streutker,0.39028,74,18
1249,Nick Brown,0.38989,57,32
1250,Gosha-ProdavetsPomidorov,0.38981,111,17
1251,NTU_r06944004_\o/\o/ÊìäÊΩ∞___,0.38978,310,39
1252,ultragamza,0.38911,78,26
1253,Griotte,0.38894,25,3
1254,sers,0.38881,99,13
1255,bing,0.38872,62,8
1256,Sajith R,0.38852,12,8
1257,Wang Jie,0.38824,5,4
1258,Vedang,0.38824,67,18
1259,madd,0.38789,35,8
1260,Georgy Gospodinov [sphere],0.38762,39,38
1261,Michal,0.38748,35,6
1262,Mike,0.38747,117,44
1263,I can't feel my face,0.38717,6,5
1264,TheHaplessMeditators,0.38704,27,1
1265,emptyewer,0.38694,43,18
1266,mantasp,0.38639,20,38
1267,Joejia,0.38626,7,28
1268,BPTI,0.38617,223,49
1269,abhijeetbiswasiitb,0.38612,45,15
1270,dragonemperor,0.38587,101,72
1271,Felix Denzinger,0.38581,3,31
1272,cschavis,0.38548,68,27
1273,Jeremy Castle,0.38462,29,2
1274,Hua Tsang Lin,0.38407,50,41
1275,OneEyedKings,0.3833,14,43
1276,chengqian,0.3831,53,43
1277,vvvio,0.38274,119,2
1278,Alessio T,0.3827,76,10
1279,Jakrin Juangbhanich,0.38256,41,52
1280,Jack Rickman,0.38189,21,4
1281,Seadog,0.38183,127,14
1282,Pierre Ouannes,0.38163,5,4
1283,gaobin,0.38154,29,12
1284,WerewolfBarmitzvah,0.38131,6,7
1285,siddhant,0.38126,1,18
1286,Zayne Na,0.38106,53,3
1287,Tong,0.38102,48,9
1288,Protein!,0.3809,14,55
1289,Basti,0.38056,8,34
1290,Ramiro Debbe,0.38033,25,7
1291,ryches,0.38032,45,7
1292,gkibet,0.38031,32,28
1293,atul,0.37997,2,2
1294,walker77,0.37988,47,5
1295,Nikhil Tomar,0.37977,33,15
1296,Supun Nakandala,0.37974,47,29
1297,Kobe Pythons,0.37967,41,7
1298,Edward Eric,0.37909,2,2
1299,Boris Pyakillya,0.37906,26,2
1300,brockman,0.379,44,1
1301,NineRui,0.37885,28,3
1302,albert_xjtu,0.3785,48,12
1303,Igor Kotenkov,0.37784,66,9
1304,hamelg,0.37758,72,1
1305,SAIL,0.37758,71,3
1306,Omri Bashari,0.37758,71,1
1307,lusunner,0.37736,94,6
1308,WolfgangReuter,0.37731,23,64
1309,dipdeep,0.3767,34,1
1310,Zhu Hui,0.37663,27,18
1311,Vinod Reddy,0.37658,5,20
1312,kozistr,0.37631,58,11
1313,Cobra,0.37577,0,3
1314,Siddhartha Sinha,0.37556,13,1
1315,Vladislav Plotnikov,0.37552,8,10
1316,Mockingray,0.37535,53,3
1317,Andrew Zhang,0.37502,15,10
1318,Ilia Denisov,0.37496,119,15
1319,Jan,0.37467,12,1
1320,Telemachus,0.37419,55,25
1321,Philip,0.37397,60,1
1322,Thian Liang,0.37393,1,13
1323,KMU_doyun525,0.37373,94,8
1324,Sungchul Kim,0.37354,47,6
1325,A.Demyanchuk [ods.ai],0.37298,53,9
1326,Kihachi,0.37292,70,74
1327,Rajat,0.37291,24,15
1328,[ods.ai]IlyaLion,0.37234,118,34
1329,koshian,0.37217,815,12
1330,–ö—É–∑–Ω–µ—Ü–æ–≤ –ò–ª—å—è –ï—Ñ–∏–º–æ–≤–∏—á,0.37179,112,1
1331,Jiazhen Xi,0.37146,80,1
1332,AlexeyS,0.37137,14,7
1333,DonQwerty,0.37093,14,27
1334,xiaoyi,0.37081,3,7
1335,akovski,0.37067,54,1
1336,Bibhas Mondal,0.37055,15,30
1337,lang,0.37045,11,24
1338,Samik,0.37035,83,4
1339,hirokiii,0.37014,41,3
1340,hywel,0.36978,9,7
1341,Crystal,0.36951,52,14
1342,BKraus,0.36948,51,3
1343,Zhee,0.36914,34,19
1344,Ed53,0.36911,102,16
1345,KaranGautam,0.36904,28,1
1346,TKassis,0.36892,43,2
1347,Prasaad,0.36884,86,13
1348,dmitry,0.36851,189,16
1349,Ulysses,0.36835,27,14
1350,vaden4d,0.36811,68,3
1351,Lucas & Santana,0.36776,23,11
1352,RobinDong,0.36663,105,91
1353,hshmhashemi,0.36607,101,3
1354,Jay Ratcliff,0.36603,19,1
1355,vsm999,0.3658,13,37
1356,weiwei,0.36504,62,1
1357,DINGmx,0.36493,56,12
1358,spiralis,0.36459,40,6
1359,Wenjian,0.36442,28,3
1360,Oscar Johansson,0.36381,40,29
1361,MR Kombucha,0.36278,42,2
1362,Wild Cherry,0.36271,58,14
1363,Âø´ÁÇπÂ∞èÂÆùË¥ù,0.36269,18,27
1364,Grad Student Descent,0.36242,77,28
1365,littlefieldnick,0.36225,85,51
1366,Andreas Eichenberger,0.36207,2,22
1367,Warastra,0.36193,34,2
1368,Free_Just,0.36149,106,2
1369,Rob Wishart,0.36104,83,1
1370,zezhong,0.36082,76,18
1371,Wow,0.36045,20,16
1372,Lihaihan,0.36034,47,13
1373,Kurouser,0.35972,47,8
1374,Bearsuny,0.35968,18,8
1375,Brian McMahon,0.35936,64,17
1376,acerchen,0.35918,41,7
1377,Azat Davletshin,0.35907,89,25
1378,DStjhb,0.35883,38,23
1379,Shigenori Nagae,0.35876,56,4
1380,Medphy,0.35871,27,29
1381,Srikanth/Dilendra,0.35836,9,17
1382,impulsecorp,0.35834,5,5
1383,Derrek Hibar,0.35833,77,12
1384,MLB,0.35823,15,27
1385,MLbeginner,0.35752,38,11
1386,MCSkellington,0.35733,34,2
1387,Pytkos,0.35711,81,25
1388,Shapes,0.35683,35,7
1389,Michael Fiman,0.35681,55,52
1390,dddeepneettt,0.35674,97,16
1391,a pirate king,0.35631,31,68
1392,blacksix,0.35631,74,5
1393,CHEN ZHAO,0.3559,111,4
1394,FanBinqi,0.35501,42,3
1395,Olezha,0.35491,43,3
1396,pantsu,0.35491,57,13
1397,‰∏ÄÂè™Ëèúb,0.35491,43,1
1398,Mahmoud ElHussieni,0.35491,43,1
1399,Nick Styles,0.35491,43,1
1400,jotel,0.35491,43,9
1401,suraj,0.35491,43,1
1402,WHharvey,0.35491,43,14
1403,Sihang Chen,0.35491,43,18
1404,shaominghe1,0.35491,43,4
1405,CSJackson,0.35491,43,2
1406,wanqiguo,0.35491,43,2
1407,Yawei Li,0.35491,43,2
1408,È£é‰πüËêßËêß,0.35491,43,4
1409,Yancheng Wang,0.35491,43,6
1410,KMAI_GSNMW,0.35491,43,11
1411,rock,0.35379,10,8
1412,Real Haque,0.353,111,7
1413,I'm from Vietnam,0.3528,16,5
1414,shui,0.35261,42,6
1415,BestOrNothing,0.35252,33,22
1416,Nisonoff,0.35224,10,5
1417,Anonymous Learning,0.35207,8,3
1418,zhongtian,0.35195,23,1
1419,KenjiH,0.3519,10,1
1420,Jaeyeong Kim,0.35158,12,8
1421,Sunkyu Park,0.35148,11,11
1422,Quoc Le,0.35091,12,6
1423,Phuchitsan Chaisuk,0.35032,46,2
1424,Little_DK,0.3494,42,1
1425,TheLolander,0.34904,27,4
1426,hehe,0.34902,11,23
1427,Fola,0.34901,3,1
1428,superXJTLUteam,0.34887,12,7
1429,Joan GE,0.34878,49,12
1430,Dmitriy Umerenkov,0.34874,45,11
1431,PP,0.34827,19,9
1432,Yovin Ransika Yahathugoda,0.34812,58,12
1433,yufu,0.34783,31,6
1434,Team DukeChem,0.34771,50,1
1435,karan07,0.34766,18,7
1436,jancsi,0.34763,15,2
1437,Hvalur,0.34755,6,8
1438,Thibaut,0.34743,94,2
1439,newebug,0.34742,45,2
1440,KarthikDutt,0.34724,60,8
1441,Test234,0.3471,575,8
1442,Andreas Daiminger,0.34678,54,1
1443,fuliren19,0.34662,5,9
1444,wujecco,0.34654,11,4
1445,Ahmed Sleem,0.34601,43,1
1446,nadanai263,0.34577,16,9
1447,y.kobayashi,0.34571,33,27
1448,Bibek,0.34567,3,1
1449,"LIN, TING-HSUAN",0.3455,77,15
1450,ellipsis,0.34547,32,1
1451,Zhixuan Liu,0.34489,67,35
1452,hello_world,0.34475,6,5
1453,Avi Mor,0.34456,11,4
1454,üî¨,0.34441,5,7
1455,Trial&Error,0.34423,18,1
1456,aalavada-pappu,0.3433,25,3
1457,Fengye,0.34316,8,3
1458,rookzeno,0.34303,9,1
1459,JTwomey,0.34291,12,23
1460,bosskwei,0.34267,47,18
1461,Paulo S. Santos,0.34257,56,1
1462,CancerM John,0.34233,25,4
1463,hanzhiwei,0.34213,6,27
1464,KennethOdoh,0.34132,50,14
1465,bgc1994,0.34101,70,1
1466,[Kent AI Lab] Koke_Cacao,0.34086,67,19
1467,Anderson Banihirwe,0.34074,3,1
1468,fzs14,0.34064,11,3
1469,A Santosh Kumar,0.34042,16,2
1470,rgtrnx,0.34011,42,3
1471,Dyakov Brothers,0.33945,88,20
1472,Yuefeng Mi,0.33941,19,22
1473,cawup,0.33927,87,18
1474,C_heng,0.33888,51,3
1475,LarsHulstaert,0.33878,34,9
1476,masih4,0.33829,20,6
1477,miyashita,0.33807,30,1
1478,Ant0n,0.33797,36,8
1479,newber than IG,0.33765,18,6
1480,Krishnadasar Sudheer Kumar,0.33719,76,183
1481,BhuvanTheKnight,0.33719,76,144
1482,shigengtian,0.33713,38,1
1483,Akinobu Nishibayashi,0.33699,29,5
1484,Jelena Jovanovic,0.33681,27,2
1485,dsml,0.33668,35,7
1486,CeMMies,0.33617,104,9
1487,JP H,0.33603,60,17
1488,Jhonny G,0.33598,38,2
1489,Kooonooo,0.3353,48,1
1490,daralthus,0.33484,19,8
1491,Heng,0.3347,10,23
1492,xiaokexixi,0.33409,52,3
1493,Chicken Dinner,0.33409,52,2
1494,seo hyun,0.33409,52,13
1495,prt123,0.33409,52,1
1496,Alexia_pesma.,0.33409,52,1
1497,Muhammad Shahin,0.33383,2,3
1498,taste_cyn,0.33344,30,6
1499,Sheng Chuan,0.33314,36,10
1500,chenqiang,0.33238,14,12
1501,Alexandre D,0.33234,9,9
1502,hhkk,0.33188,76,15
1503,Edmundo Mizutani,0.33166,14,4
1504,zhoudu,0.33164,57,21
1505,Paul H,0.33141,28,3
1506,Gorkhali,0.33119,4,15
1507,CatEek,0.33078,5,29
1508,Rangan Das,0.32977,25,33
1509,tequiller,0.32962,50,3
1510,kaush,0.32953,8,8
1511,RxRx,0.32916,30,27
1512,FranciscoIngham,0.3283,22,1
1513,"–°–ö–ë ""–ú–∏–†""",0.32829,3,3
1514,Joe Doerr,0.3282,40,4
1515,vfdev,0.32814,6,6
1516,tomlzt,0.32744,8,1
1517,liulibo,0.32708,45,18
1518,Christophe Klein,0.32651,88,23
1519,Adnen,0.32569,21,23
1520,AneZreT,0.32475,2,9
1521,Romanov.Michael,0.32423,6,5
1522,xuzj,0.32369,61,6
1523,xuhai,0.3235,15,5
1524,PSM24,0.32306,48,1
1525,Moritz,0.32248,29,13
1526,WenhangBao,0.32203,35,6
1527,Stefanie04736,0.32174,23,5
1528,Mustafa,0.32142,35,8
1529,ivanwang,0.32141,35,1
1530,‰∏äÊµ∑ÊûóÂÆ•Âòâ,0.3208,24,11
1531,cwin!,0.31997,21,30
1532,mikhonov,0.3199,52,12
1533,Mert Caglar,0.31908,4,5
1534,Matt Deakos,0.31858,35,3
1535,Alex Sim,0.31807,18,12
1536,Pablo Pastore,0.31769,50,4
1537,Alex Ozerin,0.31737,62,12
1538,RajatAgarwal,0.31694,25,3
1539,just for fun :),0.31658,20,1
1540,harry potter,0.31589,9,16
1541,Valera Sarapas,0.31575,33,5
1542,lefloy,0.3157,145,1
1543,Wayne Nixalo,0.31539,16,1
1544,shubhajitml,0.31539,6,1
1545,Daria Grechishnikova,0.31516,42,2
1546,quangvinh242003,0.31485,3,1
1547,SachinAgrawal,0.31484,8,5
1548,qzane,0.31473,30,15
1549,EyalGutflaish,0.31385,14,3
1550,SyKeep,0.31344,46,16
1551,Taiga Aisaka,0.31291,13,2
1552,Jacek,0.31275,19,12
1553,Galitskiy Igor,0.31246,3,1
1554,Morylov Yehor,0.31219,24,6
1555,Suman Ghosh,0.31219,7,9
1556,Beginner,0.3103,9,7
1557,EE258_F18_WLLQ,0.30947,14,1
1558,Snow720,0.30936,53,16
1559,ksirinuk,0.30908,63,5
1560,FlyingDog,0.30901,29,6
1561,Nikhil pandey,0.30899,19,3
1562,roymond,0.30793,11,14
1563,Vettejeep,0.30777,60,18
1564,Team4,0.30688,12,2
1565,Wenhui Jia,0.30659,29,3
1566,Craig Thomas,0.30621,27,3
1567,cstorm125,0.30539,1,2
1568,Lekoup,0.30472,13,17
1569,‚Ä¢Ôπè‚Ä¢,0.30472,18,10
1570,Just for fun,0.30377,38,1
1571,shang,0.30332,44,3
1572,skydream,0.30267,48,8
1573,redprofit,0.30222,46,4
1574,TEIN,0.30158,33,3
1575,DeepProteinLoc,0.30129,22,29
1576,Grzegorz Gil,0.30103,51,10
1577,Alexander Kuznetsov,0.30092,2,5
1578,deivanai meyyappan,0.30053,23,1
1579,Aku dadi hamster,0.3002,32,1
1580,Liang Shuang,0.29934,12,1
1581,Barak Katz,0.29917,83,3
1582,wentiliangkaihua,0.29908,12,5
1583,Bernardo,0.29891,34,13
1584,Dennis Subachev,0.29863,24,12
1585,Francisco de Abreu e Lima,0.29822,16,28
1586,KihoSuh,0.29821,29,3
1587,Corrado Alessio,0.29813,45,7
1588,Tim Meyer,0.29811,5,16
1589,andy.Wang,0.29783,23,7
1590,MK,0.29748,23,3
1591,Fivos,0.29685,8,18
1592,_wdd,0.29644,2,2
1593,StrongZ,0.29597,35,2
1594,Krishna Kishore Andhavarapu,0.2958,23,9
1595,yuval,0.29568,7,13
1596,forward,0.29551,8,18
1597,nubatama,0.29514,21,4
1598,hklee,0.29506,13,2
1599,ÂêàËÇ•ËµµÂèàÂª∑,0.29457,15,17
1600,PinarDemetci,0.29411,33,2
1601,jianrenmeng,0.29406,27,4
1602,PeterGrundell,0.29354,4,17
1603,james_pb,0.2923,3,12
1604,Behjati,0.29222,32,2
1605,Tadek_z_Galycji,0.29218,11,7
1606,weewilly,0.29204,20,5
1607,Caffeinism Kim,0.29067,5,19
1608,Wills C,0.29066,8,8
1609,Terkel Bo Olsen,0.28924,7,13
1610,evan,0.28906,31,5
1611,lubin,0.28862,2,6
1612,Bob Liu,0.28826,3,4
1613,VikasSangwan,0.28782,10,4
1614,oct_path,0.28781,16,12
1615,victorinaya,0.28665,25,1
1616,Lalit,0.28663,31,1
1617,Fei-Fei,0.286,26,6
1618,OxFEE1DEAD,0.286,13,5
1619,Jazzcharles,0.2852,42,3
1620,Niskelo,0.28485,23,9
1621,sray1234,0.28482,18,6
1622,KMAI_79644689,0.28462,40,36
1623,laurac2,0.28414,40,14
1624,Chong Shen,0.28292,26,14
1625,xiashiwuming,0.28214,10,3
1626,jtunis,0.28196,7,3
1627,Antonio Pitrelli,0.28182,5,16
1628,azer gorai,0.2812,1,6
1629,Tete Ko,0.28024,8,5
1630,AdrianC,0.27751,29,5
1631,COT,0.27695,3,3
1632,Nemanja Jankovic,0.27668,0,2
1633,djona,0.27491,3,1
1634,Hansoluo,0.27463,3,7
1635,DmitryKustikov,0.27444,40,1
1636,ZhangJun,0.27432,15,14
1637,Heng-Cheng Kuo,0.27428,8,4
1638,Paul Hui,0.27406,14,2
1639,sn06,0.27375,14,1
1640,chenxuheng,0.27342,2,10
1641,cjshnb,0.27304,42,2
1642,jc chan,0.27232,32,3
1643,Practice,0.27048,20,14
1644,Pawel Niegowski,0.27044,39,35
1645,Clayton McKee,0.27018,144,27
1646,XYQHAPPY,0.26907,16,1
1647,GowthamM,0.26905,31,6
1648,PeterK,0.26868,7,19
1649,HamzaFarhan,0.26849,1,15
1650,taraspiotr,0.26612,27,2
1651,Ê∑±Âú≥Âê¥ÂΩ¶Á•ñ,0.2659,26,2
1652,Harsha Lokavarapu,0.26582,36,6
1653,Mahmoud Fawzi,0.26496,11,6
1654,Jonathan Schnabel,0.26475,10,3
1655,Ayush Saklani,0.26393,31,12
1656,sunhwan,0.26383,10,9
1657,Akimasa KITAJIMA,0.26337,2,17
1658,RomanBeliy,0.26328,23,2
1659,L√¢m T√πng,0.2632,6,1
1660,MickCrog,0.26319,12,5
1661,P-fold,0.26273,5,5
1662,Avinash Rai,0.26258,12,10
1663,SASIKIRAN KARRI,0.26258,12,1
1664,Rupesh Sreeraman,0.26258,18,5
1665,Fakhir Ali,0.26258,11,22
1666,Neural nets,0.261,4,3
1667,AnshumanSahoo,0.26098,1,24
1668,Alex Katrenko,0.26092,1,6
1669,Jan Dierckx,0.26065,8,16
1670,Alex Kuzmin,0.26043,10,1
1671,31diots,0.26026,9,1
1672,jmeriaux,0.26016,7,6
1673,Igor Inozemtsev,0.25968,29,1
1674,monaca,0.2596,12,9
1675,vsr,0.25729,2,1
1676,Kris,0.25711,24,3
1677,Tang,0.25681,7,1
1678,Vladimir Khrustalev,0.25673,20,4
1679,Tayjsl,0.25667,8,6
1680,remidi,0.25589,13,4
1681,Sum Product,0.2558,6,11
1682,finder,0.25535,6,5
1683,Robin,0.25516,26,8
1684,ABIMANNAN,0.25509,40,3
1685,UncleDrew,0.25396,5,1
1686,curfew,0.25384,5,6
1687,Nikita Moshkov,0.25211,33,5
1688,Cristian Yones,0.25173,7,2
1689,ShedrickBridgeforth,0.25089,12,3
1690,stephen,0.25081,5,28
1691,insight,0.24948,1,5
1692,Victor Zhao,0.2494,23,5
1693,polimi-data-scientists,0.24505,20,5
1694,Mohamed El hibouri,0.24485,12,13
1695,grigorii,0.24484,38,2
1696,BroadwayView,0.24479,1,29
1697,qishengjiang,0.24362,48,3
1698,Citrecimon,0.24333,4,38
1699,iSmart,0.24327,5,3
1700,Hansry,0.2427,10,12
1701,imtiaz ahmad,0.2427,12,1
1702,blackBoy,0.24255,20,2
1703,Darkdeng,0.24194,9,3
1704,fanner,0.24144,5,4
1705,Totoro,0.23963,3,15
1706,HaniaTrƒôdak,0.23942,3,3
1707,1412hyde,0.23935,19,36
1708,Ashish Patel(ÈòøÂ∏å‰ªÄ),0.23922,1,7
1709,DataGeek,0.23921,1,8
1710,n3dry,0.23859,1,13
1711,jahongir7174,0.23821,6,2
1712,Alyona Fedotova [sphere],0.23679,35,4
1713,Rob Brisk,0.23637,26,8
1714,shujunge,0.2361,22,7
1715,zengzhy5,0.23565,19,1
1716,Ray Troop,0.23544,1,3
1717,Tensorboy,0.23544,1,17
1718,Tanmay Agrawal,0.23544,1,2
1719,Puyuma1231,0.23544,1,4
1720,Team Gamma,0.23544,1,3
1721,Wei Song,0.23544,1,12
1722,chonglee,0.23544,1,1
1723,EE258_F18_Shrusti,0.23544,1,4
1724,Chandramowli J,0.23544,1,1
1725,Tajwar,0.23527,4,6
1726,TylerJermann,0.2342,4,11
1727,nattichai,0.23355,4,3
1728,Loss Function,0.23158,16,3
1729,anonymous,0.23093,22,1
1730,laohu,0.23044,2,3
1731,tjokaggle,0.23025,9,2
1732,georgeseif,0.22976,7,10
1733,Asim,0.22797,6,1
1734,cosinus0,0.22531,0,14
1735,JM100,0.22519,12,4
1736,Random Submission,0.225,8,5
1737,__,0.22364,4,5
1738,Scion,0.22327,10,5
1739,Maxung,0.22278,11,9
1740,miwojc,0.22189,9,3
1741,Bruches Elena,0.22108,43,3
1742,Nacho Garcia,0.22053,28,26
1743,wind,0.2194,8,4
1744,Kuzma Khrabrov,0.21858,6,9
1745,HGoose,0.21786,3,23
1746,bent glasses,0.2172,9,5
1747,AncientMonk,0.21325,9,1
1748,Arsalan Azmi,0.21325,9,1
1749,Aleksandar Milosavljeviƒá,0.21307,4,22
1750,Guillaume Ringwald,0.21209,11,5
1751,Tosin,0.21143,12,1
1752,Mohamed Aesawy,0.21129,1,3
1753,Wolfie,0.21121,8,8
1754,Ben Harris,0.21055,11,4
1755,Thomas,0.20969,3,6
1756,leexa,0.20946,8,3
1757,Ramdhanis,0.20933,5,27
1758,helena,0.20849,4,3
1759,S.J. Hwang,0.20799,1,8
1760,thomacvalmer,0.2068,14,1
1761,tabata shintaro,0.20677,6,15
1762,conradr71,0.20643,10,13
1763,xut226,0.20551,4,14
1764,Krati Gupta,0.20479,4,5
1765,Takeshi Fuchi,0.2041,1,4
1766,EE258_F18_Takoyaki,0.20198,5,7
1767,Adarsh C,0.20193,0,1
1768,FaDa,0.20051,3,18
1769,AhShiou,0.19905,4,43
1770,Yan_Z.,0.19887,0,4
1771,UofUtah,0.19829,6,8
1772,omarsamir,0.19697,3,2
1773,kafkaman,0.19696,5,1
1774,rAyyy,0.19418,1,4
1775,yhcui,0.19414,3,8
1776,Ombarus Devs,0.19409,3,8
1777,Kengo Ichiki,0.19162,3,14
1778,truncs,0.18986,10,4
1779,Naomi Seki,0.1887,1,1
1780,SKR,0.18852,2,3
1781,CiksTea,0.18673,10,10
1782,Sean Johnson,0.18594,3,15
1783,vayy,0.18439,2,9
1784,antwerp,0.18422,3,1
1785,I am not a biochemist,0.18336,1,10
1786,Topper,0.18326,6,14
1787,ishan,0.18034,11,5
1788,superwildboy,0.18012,5,12
1789,PatternFinder,0.17986,0,1
1790,Haha Lun,0.17873,9,3
1791,AbhishekAnnamraju,0.17826,3,11
1792,AdamZ,0.1778,6,3
1793,Sachin Prabhu,0.17764,7,32
1794,Johnson Thomas,0.17629,7,5
1795,gordonmacmillan,0.1756,2,6
1796,Lingshan Yang,0.17384,14,7
1797,Timothy Eldridge,0.17371,1,3
1798,ADDD,0.17276,7,19
1799,DmitryShaulskiy,0.17274,4,1
1800,Tang Yiming,0.16973,6,9
1801,JacksonIsaac,0.16871,4,4
1802,Diego,0.16688,5,3
1803,AlinaBogdanova,0.16582,5,10
1804,EE258_F18_CN,0.16522,1,1
1805,Heisenger,0.16492,6,1
1806,Vitaliy,0.16275,2,2
1807,Rian Goossens,0.16128,6,12
1808,zengling,0.1611,1,15
1809,Dem555,0.15709,15,5
1810,StackMoreLayers,0.15549,22,9
1811,Bo,0.15536,9,1
1812,Steven,0.15527,9,3
1813,mohamed ghazi,0.15416,4,2
1814,Jens Piekenbrinck,0.15321,2,1
1815,Patrick,0.1531,10,4
1816,liujing,0.15302,3,1
1817,Hohf,0.1528,5,9
1818,alatris,0.15263,3,7
1819,DiCaDe,0.15209,15,5
1820,Alexandru Brie,0.1517,11,6
1821,Nguyen Khanh,0.15143,7,1
1822,Vikram Hegde,0.15097,10,24
1823,dexter6855,0.15051,13,2
1824,miners,0.15039,34,2
1825,Young,0.14992,1,23
1826,HALINA9000,0.14958,4,3
1827,Paul-Stefan,0.14927,2,1
1828,Humam Fauzi,0.14828,5,6
1829,schlerp,0.14786,1,2
1830,yoadius,0.14719,3,3
1831,Sebastian Correa,0.14597,8,23
1832,Sviatoslav Komkov,0.14583,3,15
1833,wuekaggle,0.1445,8,10
1834,Juan C Esquivel,0.14414,4,6
1835,ÁñôÁò©Â±±Ê£ÆÊ£Æ,0.14409,5,1
1836,VernonSong,0.14369,11,2
1837,tayfurr,0.14351,5,1
1838,CaZen,0.14279,5,9
1839,Yassine Letaief,0.14176,6,4
1840,DevinBates,0.13986,3,1
1841,tamnv,0.13854,3,3
1842,Yangyang wang,0.13849,1,7
1843,nframedi,0.13843,7,13
1844,RosArr,0.13769,26,2
1845,Chisom Amalunweze,0.13695,8,10
1846,RahulJaiswal,0.13692,6,3
1847,Korra,0.136,10,6
1848,Caleb,0.13581,0,2
1849,TnT,0.13551,3,3
1850,Ghazal Sahebzamani,0.13445,4,1
1851,Lali67,0.133,2,4
1852,alex goot,0.13279,1,4
1853,Yu Ren Cai,0.13243,77,45
1854,makage,0.13061,10,2
1855,Artyom Lobanov,0.12962,1,2
1856,zhangyi,0.12942,1,12
1857,JoTjern,0.12837,8,11
1858,I COMINGZXAI,0.12765,9,15
1859,KMAI_30653150,0.12579,0,3
1860,vinayak tyagi,0.12486,2,1
1861,Jonny Lee,0.12385,5,10
1862,Kyle Garnick,0.12347,6,4
1863,Frontalini Lucas,0.12294,5,32
1864,William Laprade,0.12158,1,13
1865,Edwin Villanueva,0.12033,4,10
1866,takuya,0.11954,6,1
1867,sanoyo,0.1195,3,1
1868,yanhao,0.11903,8,1
1869,lgp105b,0.11903,8,1
1870,MachineLearning Noob,0.11895,3,2
1871,A team of two,0.11854,0,3
1872,Wuzero,0.11708,5,5
1873,RUC_abel,0.11646,1,6
1874,runAsSimple,0.11519,1,4
1875,Innovations_Lab,0.11433,36,8
1876,Shashank BR,0.11326,4,5
1877,Md Rifat Arefin,0.11316,4,3
1878,Matt Reynolds,0.11224,28,3
1879,Exa IV,0.11224,26,13
1880,Shan,0.11215,4,3
,All Classes Benchmark,0.11214,,
1881,Andreisun,0.11214,5,5
1882,Ricardo Rendall,0.11214,5,6
1883,Vedder,0.11214,5,5
1884,Alexandr Rzhechitskii,0.11214,5,4
1885,Harika,0.11214,5,5
1886,Ritabrata Maiti,0.11214,5,1
1887,rsapping,0.11214,5,10
1888,ÊúõÁùÄËìùÂ§©ÁöÑÊµ∑,0.11214,5,1
1889,Mike1978,0.11214,5,3
1890,rongs1,0.11214,5,2
1891,Julian Vidal,0.11214,5,21
1892,KMAI_TaeKyo,0.11214,5,7
1893,Rocket Monkey,0.11214,5,11
1894,James Ghawaly,0.11214,5,1
1895,C.J. Brown,0.11214,5,4
1896,Eashaan Kumar,0.11214,5,1
1897,JayTee,0.11214,5,3
1898,Demian Banakh,0.11214,5,2
1899,Takahiro Oka,0.11214,5,2
1900,Shraddha Masurkar,0.11213,15,2
1901,Laurent H.,0.11211,18,3
1902,Mark Sliva,0.11206,8,1
1903,Priya B,0.11195,21,3
1904,whitedevil90,0.11189,9,20
1905,BiOdata_med,0.11175,12,8
1906,SorenS,0.11172,1,1
1907,KMAI_FutureCEO_YunJi,0.11168,2,8
1908,anonymous90,0.11155,7,2
1909,Popova Anastasiia,0.11137,1,8
1910,Ray_yhren,0.11128,2,2
1911,cherring,0.11091,3,1
1912,Syafiq Kamarul Azman,0.11082,34,3
1913,IEtoI,0.11008,3,1
1914,smehta12,0.11007,4,1
1915,avsanjay,0.1089,39,9
1916,Maciej Harbuz,0.10886,9,7
1917,Larry Gates,0.10846,6,8
1918,AmeyaG,0.10824,4,2
1919,Shaps,0.10711,40,1
1920,Joey,0.10616,7,1
1921,GeTi,0.10596,0,9
1922,P. Breton,0.10536,4,9
1923,The Awful House,0.10512,1,50
1924,MTH343,0.10488,5,15
1925,FrAnCoisCokElAer,0.10456,6,2
1926,Varun,0.10267,4,1
1927,kissg,0.1021,4,3
1928,La Motivic Team,0.10191,16,40
1929,catla,0.10167,9,4
1930,Sergey Akimov,0.10164,2,11
1931,Nathanael Schwab,0.1014,5,5
1932,Alexander Bibin,0.10079,7,5
1933,Anonimity,0.10021,0,8
1934,Mattias Holm Andersen,0.10002,9,1
1935,Christoffer Karlsson,0.09997,2,3
1936,Airplaneless,0.09979,2,1
1937,ymisrtd,0.09967,3,8
1938,DeepLearningBruteForcing,0.09913,4,3
1939,Allen Goodman,0.09904,9,10
1940,Wajdi,0.09903,12,6
1941,LasFuntanas,0.09886,1,6
1942,kirikei,0.09871,3,19
1943,KMAI_OSU,0.09691,8,7
1944,whuer,0.09584,9,12
1945,elgong,0.09549,730,28
1946,chingjunehao,0.09443,3,2
1947,Dhruv Agarwal,0.09344,1,1
1948,yentianbao,0.0929,3,1
1949,Vadasz,0.09275,2,6
1950,Kossi,0.09239,9,2
1951,Xuehao Liu,0.09123,5,4
1952,Harrifinn,0.09114,7,6
1953,Eduardo H.,0.09105,1,4
1954,MungQ chen,0.08982,4,2
1955,Stephen Offer,0.08945,3,4
1956,Pies,0.0894,7,2
1957,suresh,0.08939,2,1
1958,Sawam,0.08924,8,1
1959,GangsterLlamas,0.08855,2,3
1960,Dmitry Kravchenko,0.08741,1,2
1961,Gin04kg,0.08607,3,1
1962,BabatundeAdekunle,0.08511,5,3
1963,Igun,0.08412,3,3
1964,Toby,0.08323,7,4
1965,foxyveta,0.08175,3,2
1966,Max Golovanchuk,0.08144,4,16
1967,StewartRobertson,0.08129,3,1
1968,McKean Krieger,0.07957,8,1
1969,Shubh Chatterjee,0.0795,3,15
1970,Martin,0.07923,5,5
1971,S.Pramod,0.0785,2,6
1972,Yana Chernysheva,0.0763,8,1
1973,Tsuneo.H,0.07609,4,4
1974,StatBug,0.07577,4,1
1975,Qi Liang,0.07514,2,1
1976,Yeah,0.07504,2,5
1977,zhulf0804,0.07416,2,7
1978,androli,0.07406,2,10
1979,Haibin Guan,0.07347,3,7
1980,Venkataraman,0.07291,1,1
1981,Dang-Khoa Le Tan,0.07234,2,1
1982,Yara Tchk,0.07189,2,3
1983,BenChur,0.07156,4,13
1984,Evgeniy Zheltonozhskiy,0.07109,2,3
1985,tannisthamaiti,0.07079,7,6
1986,xBK201x,0.07032,3,4
1987,Utkarsh,0.07018,8,2
1988,playboywlh,0.07013,5,8
1989,Viktor Kuznietsov,0.06974,1,9
1990,Brian Rudolf,0.06904,1,8
1991,Ricky Wong,0.06868,12,9
1992,Ehsan,0.06803,2,3
1993,sanjay m,0.06766,8,5
1994,YMAX,0.06673,6,6
1995,prathyusha333,0.06563,4,1
1996,Kire,0.06525,8,1
1997,Pavel Yarashevich,0.06512,1,2
1998,PeterZeglen,0.06401,5,3
1999,Arsenii Pavlov,0.06299,8,5
2000,Paula,0.06276,6,1
2001,DewmalHandapangoda,0.0623,3,5
2002,Kavan Patel,0.06172,2,2
2003,Kaushik Roy,0.06164,5,9
2004,KuribohG,0.06157,3,2
2005,GevaBi,0.06151,8,14
2006,vijaygupta,0.06047,4,2
2007,cosminga,0.05995,13,6
2008,zhou,0.05958,14,8
2009,Jean Pierre Rukundo,0.05832,10,4
2010,R.Duke,0.05806,6,3
2011,Robin East,0.05772,4,1
2012,Xray,0.05751,1,8
2013,yuval256,0.0566,4,2
2014,Crazycat,0.0565,4,2
2015,Takeshi Kondo,0.0564,15,1
2016,joe1Dataset,0.0559,5,2
2017,Aditya Sinha,0.05567,3,2
2018,Abhinav Gupta,0.05557,18,3
2019,Contemplat0r,0.05552,14,1
2020,Sergey,0.05526,5,1
2021,joehalfish,0.05504,5,1
2022,Vishnu Menon,0.05494,2,1
2023,Joshua L,0.05478,12,1
2024,Saeid,0.05471,1,2
2025,future,0.05427,2,5
2026,nikhilranjanikar,0.05421,14,1
2027,Joel Ostblom,0.05382,10,6
2028,Abilash Nair,0.05372,7,2
2029,Free Radicals,0.0533,5,4
2030,Le Krist,0.05279,228,5
2031,Blackbird,0.05264,9,2
2032,Kevin Mader,0.05214,5,7
2033,Syed Abbas,0.05212,4,4
2034,Jason King,0.0517,1,1
2035,Andrew Moore,0.05122,17,1
2036,Jhihyan Lin,0.05117,8,2
2037,SRSteinkamp,0.0501,4,5
2038,B√°lintKoncser,0.04977,7,1
2039,Somnath Rakshit,0.0496,0,1
2040,Nahooseung,0.04916,8,5
2041,Oskar Vuola,0.04821,28,1
2042,Rustembek,0.04818,2,5
2043,Oscar Lundberg,0.04786,2,2
2044,Fabian Heinemann,0.04776,4,1
2045,superz,0.04763,2,1
2046,Grob Twin Astir,0.04652,0,5
2047,Klaas,0.04629,0,1
2048,babyss,0.0458,10,1
2049,Aurelien Laim,0.04569,1,4
2050,Diego Medina-Bernal,0.04546,5,5
2051,Guido Tapia,0.04531,16,1
2052,nottingham prisa,0.04473,10,4
2053,Antares NYC,0.04374,4,1
2054,NikitPatel,0.04337,11,2
2055,Simon Benvenutto,0.04333,2,2
2056,Simo Brazzo,0.04321,5,12
2057,Jilan Lee,0.04305,2,4
2058,ScutLinxy,0.04283,2,1
2059,AminaAsif,0.04261,5,3
2060,Ihar Tsalka,0.04208,1,3
2061,QiujingZhang,0.04195,9,17
2062,InAFlash,0.04147,0,2
2063,Eva Giannatou,0.04109,5,1
2064,R. Garcia Leiva,0.04101,2,4
2065,SpeedyProteins,0.0408,7,7
2066,Shamit Verma,0.04077,9,3
2067,Polychronis Charitidis,0.04052,3,5
2068,chimael,0.03985,10,1
2069,argo,0.03974,5,11
2070,sixasonepy,0.03971,10,4
2071,Brian Friedenberg,0.03945,17,1
2072,s18rec,0.03934,1,2
2073,Anthony Dombrowski,0.03928,9,1
2074,Gokul Krishnaa,0.03867,3,5
2075,Kow Yong Sheng,0.03834,4,1
2076,Raj Kapadia,0.03798,9,4
2077,M. Khaledur Rahman,0.03796,14,3
2078,Maksymilian Szmelczynski,0.03763,2,1
2079,HagenLab,0.0374,3,3
2080,hashi,0.03736,5,2
2081,Dmitry Kurilo,0.03709,3,3
2082,ODundar,0.03616,1,4
2083,SputKnick,0.03598,12,1
2084,Yoann Pradat,0.03562,10,1
2085,Zenith,0.03514,14,3
2086,wenshei,0.03514,14,1
2087,GCME,0.03471,6,1
2088,typhoon,0.03388,4,5
2089,Raghav Agrawal,0.03313,1,1
2090,amelin_ruslan,0.03288,1,2
2091,Way pro Team,0.03182,3,2
2092,jdhu,0.03176,3,2
2093,Liu Wendao,0.03148,3,1
2094,EE258_Project2,0.03104,8,6
2095,Hemant,0.0307,2,1
2096,vdream,0.03033,3,5
2097,norsak,0.02979,3,3
2098,kyle,0.02955,11,3
2099,Plastron,0.02851,2,1
2100,Setu Durgesh Vinay,0.02802,2,3
2101,Maxx,0.02739,2,1
2102,suvorr,0.02689,0,40
2103,Bingjie Tang,0.02575,3,1
2104,Armen YAGDJIAN,0.02517,0,1
2105,KMUI_20163651,0.02481,4,2
2106,ywkim,0.02481,1,1
2107,Sonali Dasgupta,0.02385,1,4
2108,Paul Vardon,0.02278,1,1
2109,Felipe Higuera,0.02237,3,1
2110,RakeshNikam,0.02203,0,1
2111,TeraFlops,0.02203,0,1
2112,mohamedleila,0.0207,1,3
2113,sujatak,0.02019,44,1
2114,Alex Lu,0.01958,0,1
2115,MuhammadUsman,0.01955,3,1
,All Zeros Benchmark,0.01955,,
2116,yyqing,0.01955,0,1
2117,yob cmst,0.01955,0,1
2118,Shadman Rohan,0.01955,1,2
2119,Alexey Filimonov,0.01955,1,3
2120,adrian pineda moreno,0.01955,1,7
2121,Edward Panda,0.01955,1,1
2122,AtlasNet,0.01955,1,1
2123,Alessandro Olivero,0.01955,1,1
2124,QC,0.01955,1,1
2125,Liu Kai-Chen,0.01955,1,1
2126,n00bs,0.01955,1,1
2127,YoungSun Yun,0.01955,1,1
2128,HuangSG,0.01955,1,1
2129,Yanbing Zhang,0.01955,1,1
2130,Invictus,0.01955,1,1
2131,czdiupup,0.01955,1,2
2132,Zhuoqi Jin,0.01955,1,1
2133,CCU,0.01955,1,3
2134,LilyYourHeart,0.01955,1,1
2135,KMSW,0.01955,1,1
2136,Obel,0.01955,1,2
2137,Abhishek Moturu,0.01955,1,1
2138,ox1234,0.01955,1,5
2139,HideyukiShimizu,0.01955,1,1
2140,zzg_dreamlike,0.01955,1,1
2141,Raj Dharmendra,0.01955,1,1
2142,lorenzo91,0.01955,1,1
2143,WayenHuang,0.01955,1,1
2144,theodoros konstantinou,0.01955,1,1
2145,Gr√©goireVincent,0.01955,1,1
2146,NCHU(Ë®±Èú≤Ë≠Ø),0.01955,1,1
2147,Yongsheng Pan,0.01955,1,1
2148,Ryan Rigato,0.01955,1,1
2149,DmitryKotovenko,0.01955,1,1
2150,Wenjie,0.01955,1,1
2151,Vladyslav Yushchenko,0.01955,1,1
2152,Darshan,0.01955,1,1
2153,The Meditators,0.01955,1,1
2154,houndlord,0.01955,1,1
2155,‰∏âÊú¨Âæ∑ÂΩ™Ë•ø,0.01955,40,1
2156,Fan Nuven,0.01904,63,40
2157,AIMLAB,0.01867,1,1
2158,Tomasz Kaleczyc,0.01865,0,1
2159,alexfilip,0.01835,1,1
2160,GiladS,0.0153,1,5
2161,Marios Koulakis,0.01508,1,1
2162,Vidyadhar,0.0139,3,2
2163,AnthonyScott,0.01332,0,1
2164,super_kojiro,0.01332,0,1
2165,Medina-Mardones,0.01105,0,1
2166,ÊûóÊπßÊ£Æ (Dyson Lin),0.01049,0,1
2167,s-kage,0.00672,0,2
2168,Ayta√ß Gen√ß,0.00645,1,1
2169,Karthik Gotham,0.00558,1,2
2170,Samsara,0.00133,0,1
2171,Jonas Beyer,0,0,1
2172,Moinul,0,0,1
