,Team Name,Rank_private,Rank_public,Shake,Score_private,Score_public,Entries
0,Earhian|Venn|Tom|A.L.@KAIL,1,1,0,0.97309,0.97461,353
1,WhaleTao,2,5,3,0.97208,0.97359,200
2,pudae,3,4,1,0.97113,0.97419,158
3,David,4,12,8,0.96783,0.96914,112
4,ZFTurbo & Weimin,5,6,1,0.96781,0.97296,233
5,bestfitting,6,9,3,0.96635,0.97017,251
6,Pure Magic thanks radek,7,15,8,0.9647,0.9665,370
7,S&P Global Alternative Data,8,14,6,0.96299,0.96725,183
8,[ods.ai] BratanNet,9,19,10,0.95981,0.95879,164
9,"Sanakoyeu, Pleskov, Shakhray",10,16,6,0.95946,0.96125,251
10,Nestlogic,11,20,9,0.95934,0.95846,245
11,TerenceLiu,12,22,10,0.95878,0.95814,139
12,Scarfluke üêã,13,24,11,0.95652,0.95732,257
13,NPU-ASGO,14,23,9,0.95597,0.95764,196
14,Ruslan Grimov,15,18,3,0.95511,0.9592,73
15,Guanshuo Xu,16,25,9,0.9551,0.9561,87
16,shenxing,17,36,19,0.95448,0.94695,46
17,"‰∏ÄÊùØËå∂,‰∏ÄÂåÖÁÉü,‰∏ÄË°å‰ª£Á†ÅÂÜô‰∏ÄÂ§©",18,27,9,0.95375,0.95547,65
18,nabe,19,37,18,0.95149,0.94694,163
19,Costas Voglis,20,29,9,0.95137,0.95369,93
20,tereka,21,28,7,0.95112,0.9546,140
21,Josef Slavicek,22,32,10,0.95021,0.94934,126
22,Call me Ishmael,23,34,11,0.94945,0.94751,188
23,Heng CherKeng,24,38,14,0.94909,0.94687,99
24,"Bartek, daisukelab",25,11,-14,0.94909,0.96963,226
25,Niclas Stoltenberg,26,42,16,0.94885,0.94475,241
26,pi-null-mezon,27,30,3,0.94859,0.95311,287
27,[ods.ai] bobbqe,28,35,7,0.94684,0.9473,407
28,Maciej Sypetkowski,29,40,11,0.94623,0.94509,89
29,Lola,30,43,13,0.94434,0.94451,128
30,4 people,31,41,10,0.94417,0.94499,309
31,klickmal,32,45,13,0.94386,0.94165,99
32,Whale... that's all folks,33,47,14,0.94384,0.94046,250
33,nono,34,48,14,0.94291,0.93985,125
34,Barnacle,35,61,26,0.94257,0.93426,100
35,hui & wang & huang,36,52,16,0.94213,0.93838,278
36,First,37,50,13,0.94177,0.93946,34
37,üê≥,38,55,17,0.94148,0.93528,68
38,yelan,39,56,17,0.93979,0.93517,59
39,F.J.Martinez-de-Pison,40,63,23,0.93961,0.93241,90
40,dingwoai,41,62,21,0.93893,0.93349,30
41,Epochs of Fury,42,51,9,0.9386,0.93875,159
42,DmitryKotovenko,43,46,3,0.93853,0.9414,6
43,AgilityAI,44,53,9,0.93841,0.93677,332
44,alup,46,59,13,0.93705,0.93491,62
45,BIG 203,47,57,10,0.93575,0.93504,93
46,Alexander Kovalev,48,77,29,0.93417,0.92549,60
47,n01z3,49,70,21,0.93407,0.92862,6
48,Joglife Tan,50,60,10,0.93324,0.93455,133
49,Qidian213,51,74,23,0.93303,0.92618,65
50,ashirahama,52,65,13,0.93273,0.92949,139
51,Whale-DSG,53,54,1,0.93206,0.93579,99
52,Hansoluo,54,87,33,0.93153,0.92342,121
53,gakki,55,75,20,0.93093,0.92613,157
54,believing in fairy tails,56,79,23,0.93024,0.9252,66
55,Miguel Pinto,57,72,15,0.92988,0.92766,162
56,no more fork and run,58,67,9,0.92972,0.92898,140
57,Lin12345,59,68,9,0.9297,0.92888,123
58,takuoko,60,78,18,0.92929,0.92532,42
59,lsfszyf,61,93,32,0.92926,0.92102,108
60,ValeriyBabushkin,62,83,21,0.9287,0.92423,4
61,Soonhwan Kwon,63,69,6,0.92858,0.92884,99
62,Chris J.Liu@makethingswork,64,81,17,0.92824,0.92479,42
63,Miklos Kepiro,65,89,24,0.92806,0.92316,57
64,sUehara,66,82,16,0.92799,0.92442,128
65,Philip,67,107,40,0.92764,0.91567,96
66,SWJTUers,68,84,16,0.92761,0.92408,100
67,atom1231,69,85,16,0.92719,0.92389,159
68,wzfstat,70,90,20,0.92702,0.92209,31
69,Li Bin,71,73,2,0.92614,0.92654,93
70,ADiffM,72,80,8,0.92546,0.9248,104
71,outrunner,73,92,19,0.92522,0.92181,50
72,JY Chen,74,94,20,0.92514,0.92042,112
73,Tianze Liu,75,116,41,0.92494,0.91248,70
74,YUNFEI DUAN,76,99,23,0.92488,0.91884,67
75,Happy Whale and Wells,77,110,33,0.92468,0.91531,71
76,KulishYurii,78,95,17,0.92448,0.92025,55
77,Batiary,79,146,67,0.92439,0.90067,62
78,qqqq,80,76,-4,0.92428,0.92565,94
79,sokazaki,82,100,18,0.92379,0.91768,103
80,FeiYee,83,105,22,0.9236,0.91617,11
81,Marek Wyborski,85,97,12,0.92288,0.91924,41
82,MountainClimber,86,122,36,0.92265,0.90979,93
83,[ods.ai] Borys Tymchenko,87,96,9,0.92255,0.91939,79
84,eagle4,88,88,0,0.9225,0.92318,235
85,Sean Johnson,89,108,19,0.92213,0.91563,135
86,mingye,91,111,20,0.92185,0.91455,59
87,Default,92,71,-21,0.92107,0.9279,87
88,Eduardo Rocha de Andrade,93,21,-72,0.92043,0.95815,54
89,toshi_k,94,103,9,0.92039,0.91658,133
90,xiaoyu,95,112,17,0.92024,0.91326,20
91,Nikolas,96,49,-47,0.92003,0.93953,6
92,Master Piece,97,124,27,0.91978,0.90854,7
93,Atanas Atanasov,98,114,16,0.91934,0.91303,18
94,THUDATA,99,113,14,0.91932,0.91319,38
95,Ouranos,100,138,38,0.91759,0.90315,104
96,Âø†Ëæâ Ê∏∏,101,118,17,0.91744,0.9111,52
97,avsanjay,102,104,2,0.91709,0.91618,30
98,‰∏ÄÈîÖÁÇñ‰∏ç‰∏ã,103,130,27,0.91706,0.90568,171
99,arti_tre,104,117,13,0.91705,0.9118,59
100,rm-rf /,105,129,24,0.91686,0.90596,111
101,NoFreeBreakfast,106,126,20,0.91669,0.9083,33
102,YuanXu,107,160,53,0.91633,0.89714,139
103,mlearner,108,119,11,0.91622,0.9107,90
104,syoya,109,123,14,0.91575,0.90969,57
105,liuchang,110,131,21,0.91526,0.90567,62
106,zaki,111,140,29,0.91505,0.9028,53
107,Zihan Huang,112,125,13,0.91486,0.90851,29
108,yurou,113,135,22,0.91453,0.9034,23
109,iix,114,136,22,0.91453,0.9034,199
110,Sheng Chuan,115,150,35,0.91445,0.90035,21
111,Val An,116,147,31,0.91398,0.90063,86
112,Nat Bel ML Fun,117,133,16,0.91339,0.90384,40
113,chendanxia,118,143,25,0.91305,0.90144,65
114,Ena,119,139,20,0.91302,0.90312,140
115,ariel,120,137,17,0.91301,0.90326,26
116,Wcw1,121,151,30,0.91288,0.90028,33
117,adegan,122,115,-7,0.91262,0.91287,169
118,[ods.ai] City_N,123,134,11,0.91258,0.90367,89
119,andrekos,124,128,4,0.91242,0.90652,38
120,better don't solo,125,132,7,0.91207,0.90443,23
121,Filip Siv√°k,126,127,1,0.91201,0.90741,37
122,Vahid,127,121,-6,0.91193,0.90991,31
123,whalesfitting,128,142,14,0.91185,0.90151,330
124,„Éí„ÉÉ„Éà„Éû„É≥,129,159,30,0.91169,0.89753,14
125,vikeezhou,130,2,-128,0.91168,0.97419,59
126,Peppa,131,141,10,0.91119,0.90233,25
127,Alexandre Cadrin-Ch√™nevert,132,120,-12,0.91069,0.91026,19
128,xungeer29,133,39,-94,0.9103,0.9452,51
129,souraj,134,163,29,0.91021,0.89629,9
130,RSB,135,162,27,0.91021,0.89629,2
131,Igor Praznik,136,157,21,0.90954,0.89804,106
132,komsomolsk,137,191,54,0.90924,0.89075,32
133,Xiangdi Liu,138,154,16,0.90884,0.89952,12
134,Rafael Yamagata,139,185,46,0.90853,0.89197,7
135,JGJP,140,170,30,0.90829,0.89432,176
136,YouHan Lee,141,26,-115,0.90818,0.95555,60
137,Schr√∂dinger's Curtin,142,169,27,0.90817,0.89457,13
138,radek,143,180,37,0.90813,0.8929,29
139,Juliet,144,190,46,0.90689,0.89086,4
140,smiletat,145,161,16,0.90654,0.89649,26
141,ywang,146,172,26,0.90625,0.89403,8
142,sneffort,147,181,34,0.90617,0.89227,31
143,zhangeng,148,153,5,0.90611,0.89954,93
144,emmm,149,184,35,0.90607,0.89208,14
145,Deep_patience,150,192,42,0.90534,0.89044,58
146,TTT,151,158,7,0.90504,0.89788,34
147,Freilings,152,155,3,0.90502,0.89913,50
148,14 rounds BBQ,153,173,20,0.90478,0.894,42
149,Bojan Tunguz,154,144,-10,0.9047,0.90098,34
150,Nooh,155,179,24,0.90453,0.8929,13
151,PhantomTroupe,156,152,-4,0.90453,0.89997,193
152,ensemble,157,188,31,0.9044,0.89111,73
153,summer,158,149,-9,0.90437,0.90053,37
154,Dmitriy Ershov,159,197,38,0.90392,0.89001,40
155,yvan,160,199,39,0.90346,0.8892,7
156,koreanbear89,161,148,-13,0.90345,0.90054,63
157,Van Vinor,162,44,-118,0.90327,0.94402,19
158,Andy Yu,163,168,5,0.90325,0.89513,150
159,kerukun,164,174,10,0.90311,0.89391,36
160,Random_prediction,165,31,-134,0.90307,0.95034,186
161,~Ê°ÉÂ≠ê~,166,145,-21,0.90306,0.90086,9
162,Adam Chang,167,167,0,0.90243,0.89534,62
163,Strideradu,168,195,27,0.90226,0.89008,10
164,Sergey Zhitansky,169,206,37,0.90223,0.88842,15
165,Drewe,170,187,17,0.90195,0.89149,48
166,Adel Valiullin,171,166,-5,0.90181,0.89601,21
167,kingu,172,215,43,0.90169,0.88596,33
168,Maksym,173,165,-8,0.90106,0.89606,104
169,[ods.ai] neibyr,174,186,12,0.90105,0.89181,47
170,Philip Popien,175,213,38,0.90098,0.88683,26
171,ni zhengqi,176,217,41,0.90064,0.88534,20
172,PMS,177,194,17,0.90061,0.89011,60
173,what the whale says uooo---h~,178,208,30,0.90038,0.88824,56
174,tkc_,179,209,30,0.90036,0.88787,19
175,Feng.W,180,156,-24,0.90028,0.89814,85
176,WithLi,181,171,-10,0.90022,0.89414,47
177,ssshch,182,228,46,0.89952,0.88349,65
178,Xiaozhong2019,183,175,-8,0.89935,0.89355,32
179,[ods.ai] Artyom Palvelev,184,3,-181,0.89929,0.97419,42
180,stonemason,185,238,53,0.89929,0.87889,111
181,sist_lee,186,224,38,0.89922,0.88392,14
182,Pawel Kondys,187,204,17,0.89916,0.88896,22
183,10Clouds,188,203,15,0.89916,0.88896,43
184,Jungwoo Park,189,210,21,0.89901,0.88772,102
185,Monster,190,177,-13,0.89893,0.89343,46
186,Thiago Balbo,191,198,7,0.8989,0.8892,34
187,Leo_Wangt,192,239,47,0.89848,0.87876,29
188,xiaobaoli,193,189,-4,0.89845,0.89087,9
189,gengshi,194,241,47,0.89844,0.87855,75
190,Obiwen,195,226,31,0.89833,0.88363,28
191,Grant,196,211,15,0.89817,0.88756,19
192,Leon_JYW,197,202,5,0.89758,0.88899,14
193,maomao,198,231,33,0.89749,0.88261,4
194,firion,199,246,47,0.89749,0.8776,8
195,To Train Them Is My Cause,200,232,32,0.89745,0.88245,31
196,kiyomomo,201,219,18,0.89733,0.88516,73
197,We'd rather be diving,202,230,28,0.89727,0.88268,1
198,madd,203,261,58,0.89708,0.87324,19
199,neuhshc,204,176,-28,0.8968,0.8935,2
200,HarryQuake,206,242,36,0.89661,0.87811,70
201,HiYellowC,208,196,-12,0.89629,0.89006,64
202,Tomonori Masui,207,223,16,0.89629,0.88395,7
203,what_are_you_waiting_for,209,233,24,0.89621,0.88216,22
204,Shiro Kawakita,210,205,-5,0.89613,0.88893,5
205,LazyLearner,211,183,-28,0.89593,0.89209,36
206,Lei Zhong,212,235,23,0.89568,0.88097,15
207,haider ali,213,225,12,0.89564,0.8837,161
208,shiron8bit,214,245,31,0.89544,0.87762,62
209,ns64,215,222,7,0.89486,0.88437,54
210,zinza,216,212,-4,0.8948,0.88737,34
211,datasaurus,217,182,-35,0.89426,0.89227,96
212,KAI CHUN HSU,218,259,41,0.89425,0.87428,3
213,Branden Murray,219,243,24,0.89393,0.87788,35
214,VN Draw Me A Star,220,201,-19,0.89384,0.88905,156
215,Dromosys,221,244,23,0.89319,0.87777,37
216,ag,222,207,-15,0.89302,0.88841,109
217,GO FOR IT,223,249,26,0.8924,0.87672,16
218,Foo_Foo,224,237,13,0.89215,0.87901,29
219,chris young,225,218,-7,0.89191,0.88528,24
220,QLDL,226,405,179,0.89114,0.86815,71
221,David de la Iglesia Castro,227,260,33,0.89114,0.87413,117
222,lemonwater600ml,228,258,30,0.8911,0.8744,10
223,JisongXie,229,234,5,0.89088,0.88144,52
224,M2KeyOfZ,230,281,51,0.89036,0.87073,26
225,MSJose,231,282,51,0.8902,0.87066,56
226,nea,232,200,-32,0.8898,0.8891,5
227,xiaolian,233,221,-12,0.88942,0.88467,83
228,Phan Doan Phuc,234,236,2,0.88926,0.88014,23
229,Shai,235,248,13,0.88915,0.87684,33
230,zlsh80826,236,296,60,0.88879,0.8691,33
231,Soliton,237,266,29,0.88875,0.8726,21
232,XiaokangWang,238,250,12,0.8882,0.87622,70
233,gawashi,239,254,15,0.88793,0.87495,5
234,Mayukh Bhattacharyya,240,255,15,0.88785,0.87452,55
235,YaGana Sheriff-Hussaini,241,256,15,0.8878,0.8745,65
236,RossWightman,242,178,-64,0.88768,0.89335,18
237,Amine AMYAR,243,253,10,0.88744,0.87496,30
238,SF,244,257,13,0.88696,0.87449,80
239,Godel's Disciples,245,276,31,0.88673,0.87185,21
240,Tomas Lysek,246,286,40,0.8866,0.86976,73
241,Vladimir Fomenko,247,407,160,0.88641,0.86797,151
242,Zungmann,248,17,-231,0.88602,0.9596,9
243,neongen,249,285,36,0.88583,0.86999,32
244,Daqin Luo,250,247,-3,0.88548,0.87747,10
245,carolinemu96,251,263,12,0.88518,0.87318,14
246,Wen Xue,252,264,12,0.88518,0.87318,9
247,Tibbers,253,267,14,0.88455,0.87234,12
248,Elisey Gusev,254,277,23,0.88415,0.87182,3
249,Vikram Hegde,255,229,-26,0.88396,0.88321,17
250,voilin,256,484,228,0.88389,0.86196,22
251,liutongwei,257,279,22,0.88368,0.87175,20
252,rc95401,258,294,36,0.88347,0.86923,40
253,hidekikimura,259,283,24,0.88346,0.87046,76
254,alijs,260,274,14,0.88331,0.87188,3
255,Paulo Pinto,261,268,7,0.8833,0.87198,64
256,abdelatif,262,272,10,0.88328,0.87188,27
257,Â§ßÈªëÊ•º,263,269,6,0.88328,0.87188,58
258,M√∂bius,264,270,6,0.88328,0.87188,50
259,Puck Wang,265,271,6,0.88328,0.87188,4
260,kojimar,266,273,7,0.88328,0.87188,18
261,kwigan,267,275,8,0.88328,0.87188,6
262,dmitrynovikov,269,214,-55,0.88315,0.88666,52
263,Karolis Ramanauskas,270,262,-8,0.8831,0.87322,33
264,Qile Tan,271,298,27,0.88309,0.86885,31
265,yasuyuki_tn,272,280,8,0.88299,0.87078,76
266,hamid haghshenas,273,402,129,0.88229,0.86843,59
267,asasan,275,300,25,0.88219,0.86876,12
268,student,276,401,125,0.88207,0.86846,29
269,Mohammed Tayor,277,327,50,0.88201,0.86865,48
270,gooron,278,287,9,0.882,0.86942,18
271,anokas,279,252,-27,0.88197,0.87536,19
272,baka,280,251,-29,0.88191,0.87622,14
273,AjaykumarManimala,281,409,128,0.88175,0.86764,7
274,sanjeethjveigas,297,340,43,0.88169,0.86865,4
275,Neil Gao,311,324,13,0.88169,0.86865,2
276,Mayhem Managers,308,317,9,0.88169,0.86865,4
277,BhaveshPatidar,307,413,106,0.88169,0.86754,25
278,Alok,306,393,87,0.88169,0.86865,11
279,YangHu,305,422,117,0.88169,0.86754,3
280,fuyong_Xu,304,415,111,0.88169,0.86754,12
281,Alex Tolkachev,303,312,9,0.88169,0.86865,7
282,Aedilics,302,347,45,0.88169,0.86865,24
283,lazygang,301,367,66,0.88169,0.86865,97
284,Patrick DeKelly,300,366,66,0.88169,0.86865,6
285,[TensorMusic] Patryk Binkowski,299,376,77,0.88169,0.86865,24
286,Anton Chikin,298,385,87,0.88169,0.86865,13
287,lucaskg,310,338,28,0.88169,0.86865,3
288,Thumas,296,355,59,0.88169,0.86865,5
289,Jolyon,288,416,128,0.88169,0.86754,12
290,Amimul Ihsan,295,421,126,0.88169,0.86754,1
291,l0glikelihood,283,359,76,0.88169,0.86865,7
292,Dmitry Kozlov,284,386,102,0.88169,0.86865,7
293,Blonde,285,391,106,0.88169,0.86865,11
294,ngyope,286,412,126,0.88169,0.86754,10
295,justart,287,417,130,0.88169,0.86754,21
296,Migaloo,309,414,105,0.88169,0.86754,45
297,Yang,289,423,134,0.88169,0.86754,6
298,Mayank Soni,291,319,28,0.88169,0.86865,3
299,Wesley Ugang,292,418,126,0.88169,0.86754,33
300,Free Willy Fans,293,308,15,0.88169,0.86865,52
301,PentaMind,290,411,121,0.88169,0.86754,10
302,Nelson Hong Ming Tseng,294,420,126,0.88169,0.86754,12
303,Vansh Jatana,312,318,6,0.88141,0.86865,44
304,Brian,313,448,135,0.88136,0.86652,33
305,JM100,314,424,110,0.88129,0.86735,5
306,Some creative name,331,351,20,0.88121,0.86865,10
307,DungNB,328,305,-23,0.88121,0.86865,10
308,Edmon,329,325,-4,0.88121,0.86865,5
309,Nanashi,330,307,-23,0.88121,0.86865,12
310,Zito,334,384,50,0.88121,0.86865,8
311,Sergeeva Sofiya,332,427,95,0.88121,0.86717,5
312,Mike Kim,333,316,-17,0.88121,0.86865,6
313,Abhishek,326,426,100,0.88121,0.86717,2
314,Lathwal,335,334,-1,0.88121,0.86865,26
315,rtangled,336,333,-3,0.88121,0.86865,13
316,rednivrug,327,322,-5,0.88121,0.86865,42
317,StevenTMHsuÂæ∑Êòé,323,373,50,0.88121,0.86865,43
318,differentialmind,325,344,19,0.88121,0.86865,18
319,Ahmed Kamel Taha,324,329,5,0.88121,0.86865,15
320,Mark Conway,322,310,-12,0.88121,0.86865,11
321,gavrand,321,328,7,0.88121,0.86865,24
322,Yangguang Li,320,429,109,0.88121,0.86717,7
323,zhenxing ye,319,431,112,0.88121,0.86717,41
324,Phaedrus,317,371,54,0.88121,0.86865,32
325,Sergey Enikeev,316,430,114,0.88121,0.86717,7
326,deltaomega,315,339,24,0.88121,0.86865,4
327,Anna Novikova,318,419,101,0.88121,0.86754,15
328,Luca Massaron,337,370,33,0.8812,0.86865,18
329,KimposiPungmudong,338,291,-47,0.88119,0.86937,16
330,dhaqui,341,290,-51,0.88117,0.86937,28
331,Armin25,342,428,86,0.88117,0.86717,86
332,Lucien de Rubempre,340,425,85,0.88117,0.86728,11
333,tamanyan,339,288,-51,0.88117,0.86937,39
334,loveisp,344,332,-12,0.88105,0.86865,9
335,RAgarwal,345,299,-46,0.88098,0.86884,41
336,Alexander T,346,323,-23,0.88091,0.86865,5
337,…¥ico ü…ës úe Ä Äan,384,313,-71,0.88088,0.86865,6
338,gankJohn,389,326,-63,0.88088,0.86865,24
339,mle,388,346,-42,0.88088,0.86865,3
340,rvslight,387,8,-379,0.88088,0.97219,36
341,tanaka,386,361,-25,0.88088,0.86865,24
342,Eric Vos,385,314,-71,0.88088,0.86865,38
343,GeonHee Ryu,382,353,-29,0.88088,0.86865,6
344,data warriors,383,304,-79,0.88088,0.86865,4
345,KevinGarda,391,343,-48,0.88088,0.86865,19
346,Arunkumar V Ramanan,381,388,7,0.88088,0.86865,80
347,ay caramba!,380,397,17,0.88088,0.86865,48
348,Andrew Shevelev,379,383,4,0.88088,0.86865,3
349,Tetyana Yatsenko,390,364,-26,0.88088,0.86865,28
350,stormstone,394,354,-40,0.88088,0.86865,4
351,Arthur Kipel,392,389,-3,0.88088,0.86865,27
352,NxGTR,393,309,-84,0.88088,0.86865,16
353,DeepLenin,377,399,22,0.88088,0.86865,8
354,yzhang858,395,394,-1,0.88088,0.86865,9
355,liuru peng,396,10,-386,0.88088,0.96976,14
356,Lawrence Chernin,397,331,-66,0.88088,0.86865,5
357,richarde,398,358,-40,0.88088,0.86865,7
358,Flavien Gelineau,399,321,-78,0.88088,0.86865,12
359,Migs Rocha,400,315,-85,0.88088,0.86865,21
360,Giba,401,360,-41,0.88088,0.86865,14
361,goose_team,402,303,-99,0.88088,0.86865,18
362,Anton Enns,403,382,-21,0.88088,0.86865,7
363,Cong Bao,404,392,-12,0.88088,0.86865,1
364,Moradnejad,378,302,-76,0.88088,0.86865,38
365,star,376,337,-39,0.88088,0.86865,9
366,PengShuang,359,368,9,0.88088,0.86865,18
367,Rohit Agarwal,360,345,-15,0.88088,0.86865,6
368,alex,348,377,29,0.88088,0.86865,24
369,Gilang Ardya,349,362,13,0.88088,0.86865,11
370,Obel,350,330,-20,0.88088,0.86865,9
371,yknmt,351,379,28,0.88088,0.86865,11
372,I want to quit this competition,352,109,-243,0.88088,0.91543,31
373,Vikas Pandey,353,306,-47,0.88088,0.86865,1
374,Tenich,354,365,11,0.88088,0.86865,3
375,maesaer,355,342,-13,0.88088,0.86865,29
376,Andrey Vykhodtsev,356,374,18,0.88088,0.86865,2
377,Shizhan,357,341,-16,0.88088,0.86865,1
378,RomanKyrychenko,358,348,-10,0.88088,0.86865,5
379,Akhilesh Rai,375,350,-25,0.88088,0.86865,5
380,Andrey Anisimov,362,400,38,0.88088,0.86865,3
381,Team Diaby,347,375,28,0.88088,0.86865,5
382,–°–∞—à–∞,363,363,0,0.88088,0.86865,5
383,Igor Samenko,364,335,-29,0.88088,0.86865,14
384,Albert Tukhvatullin,365,352,-13,0.88088,0.86865,21
385,gully_boyz,366,380,14,0.88088,0.86865,8
386,cchen6180,367,398,31,0.88088,0.86865,5
387,Harinath Selvaraj,368,369,1,0.88088,0.86865,4
388,Chia-Ta Tsai,369,396,27,0.88088,0.86865,2
389,Vadzim Yermakou,370,320,-50,0.88088,0.86865,6
390,Andrey Mitrofanov,371,378,7,0.88088,0.86865,2
391,Oleg Panichev,372,356,-16,0.88088,0.86865,8
392,DSML SQUAD,373,406,33,0.88088,0.86801,2
393,[ods.ai] limpidgear,374,381,7,0.88088,0.86865,33
394,Maria Wellen,405,295,-110,0.88079,0.86912,103
395,Shigabeev,410,439,29,0.88052,0.86679,1
396,Minghao Liu,413,433,20,0.88052,0.86679,13
397,Heinz,411,437,26,0.88052,0.86679,108
398,Deltascience,412,432,20,0.88052,0.86679,14
399,jeandebleau,409,438,29,0.88052,0.86679,42
400,I need a GPU,406,441,35,0.88052,0.86679,46
401,Ruslan Baikulov,408,435,27,0.88052,0.86679,24
402,Jiahou Liu,407,442,35,0.88052,0.86679,7
403,Abdelwahed Assklou,414,301,-113,0.88041,0.86866,10
404,arter,415,445,30,0.88041,0.86678,4
405,free willy,416,297,-119,0.88039,0.8689,15
406,Bogdan Pantic,417,485,68,0.88037,0.86158,23
407,Jackling_Gu,418,408,-10,0.88027,0.8677,24
408,DeepHunter,419,482,63,0.88018,0.86239,40
409,Connor Barnhill,420,457,37,0.87982,0.86453,60
410,kanbac5,421,293,-128,0.87955,0.86931,85
411,xwill,422,450,28,0.87949,0.86559,79
412,DavidGbodiOdaibo,423,292,-131,0.87931,0.86933,26
413,carrie,424,7,-417,0.87915,0.97232,31
414,WellTale,425,502,77,0.87898,0.85726,23
415,Alexander Karpich,426,449,23,0.87889,0.8658,41
416,Janos,427,451,24,0.87877,0.86531,17
417,TeraFlops on C480 ML M5,428,265,-163,0.87872,0.87267,19
418,MV¬Æ,429,284,-145,0.87863,0.87014,6
419,djona,430,403,-27,0.87842,0.8684,4
420,Ataraksia,442,468,26,0.87841,0.86453,1
421,Kirill Simakov,453,455,2,0.87841,0.86453,5
422,Kishore M,452,466,14,0.87841,0.86453,45
423,Sometime,451,462,11,0.87841,0.86453,12
424,[ods.ai] kiraving,450,470,20,0.87841,0.86453,4
425,ranjoranjan,449,472,23,0.87841,0.86453,5
426,Nuno Ferreira,448,471,23,0.87841,0.86453,18
427,ISMAIL YILDIZ,447,463,16,0.87841,0.86453,5
428,Fredrik Jonsson,446,473,27,0.87841,0.86453,4
429,iyss,445,460,15,0.87841,0.86453,31
430,JohnM,444,456,12,0.87841,0.86453,6
431,Artyom Lyan,443,444,1,0.87841,0.86679,39
432,Pies,441,465,24,0.87841,0.86453,2
433,svarnow,435,459,24,0.87841,0.86453,16
434,KGY,431,458,27,0.87841,0.86453,1
435,hahaha,432,477,45,0.87841,0.86453,46
436,Saurabh Kumar,440,461,21,0.87841,0.86453,42
437,WhalesAreMammals,434,475,41,0.87841,0.86453,13
438,CSML-Team-1,433,464,31,0.87841,0.86453,2
439,anhnam_xtanh,436,467,31,0.87841,0.86453,16
440,Niranjan Nakkala,437,476,39,0.87841,0.86453,11
441,Marek,438,474,36,0.87841,0.86453,34
442,Gaza 01,439,469,30,0.87841,0.86453,6
443,xffj,454,447,-7,0.8783,0.86675,16
444,rameshlal,455,452,-3,0.87829,0.86473,5
445,LorePep,456,483,27,0.87822,0.86213,23
446,NSTS,457,404,-53,0.87822,0.8684,7
447,ramesh,458,478,20,0.8782,0.86426,5
448,Parallel Places,459,479,20,0.87805,0.86426,10
449,Yu Fujiki,460,395,-65,0.87792,0.86865,10
450,Nek Huang,461,620,159,0.87779,0.85109,21
451,Frank Guo,462,454,-8,0.87738,0.8646,51
452,KongliangYu,463,453,-10,0.87721,0.86467,15
453,oreo,464,481,17,0.87581,0.86263,6
454,Onlise,465,487,22,0.87572,0.86038,5
455,gunjun,466,618,152,0.87559,0.85221,11
456,‚Ññ9 –ñ–∞—Ç–∞“õ—Ö–∞–Ω–∞,467,495,28,0.87459,0.85863,28
457,Red_Pando,468,240,-228,0.87451,0.87866,24
458,xut226,470,614,144,0.8728,0.85492,15
459,James Wu,471,446,-25,0.87277,0.86676,19
460,something4kag,472,490,18,0.8727,0.85956,11
461,See--,473,493,20,0.87218,0.85905,53
462,hahah,474,494,20,0.87212,0.85884,1
463,xcoorr,475,615,140,0.87172,0.85436,2
464,Wahengbam,476,488,12,0.87129,0.86034,37
465,SrineshC,477,489,12,0.87104,0.8599,50
466,nero,478,622,144,0.87098,0.84789,13
467,LIM HJ,479,503,24,0.87084,0.85716,8
468,I can't,480,491,11,0.87076,0.8592,17
469,oalenkin,481,492,11,0.87051,0.8592,13
470,GideonTeo,482,496,14,0.86999,0.85792,6
471,FreddyDaKing,483,500,17,0.86994,0.8576,28
472,Yuewei Jiang,484,499,15,0.86993,0.85775,5
473,zongyuYin,485,387,-98,0.86973,0.86865,18
474,tong2016,486,498,12,0.86907,0.85776,8
475,jiexian,487,506,19,0.86906,0.85602,6
476,Skymont Labs,488,505,17,0.86899,0.85663,12
477,Ivan Ishchukov,489,497,8,0.8689,0.8579,21
478,Gheghe,490,357,-133,0.86887,0.86865,87
479,Shun Kakinoki,491,504,13,0.86886,0.85686,13
480,Saulius Tautvaisas,492,501,9,0.86866,0.85734,2
481,Bohdan Zhurakovskyi,493,611,118,0.86863,0.85525,18
482,Yunuscan Ko√ßak,494,510,16,0.86854,0.85562,18
483,kaggleÊåëÊàòÂ∞èÈòü,495,509,14,0.86848,0.85564,6
484,witwitchayakarn,496,33,-463,0.86839,0.94768,27
485,Moby Dick,569,522,-47,0.86838,0.85538,25
486,keleas,568,434,-134,0.86838,0.86679,19
487,Ravinder,567,538,-29,0.86838,0.85538,3
488,Philip Snyder,566,551,-15,0.86838,0.85538,3
489,theta,565,604,39,0.86838,0.85538,3
490,David Luo,564,581,17,0.86838,0.85538,10
491,Karan Jakhar,563,535,-28,0.86838,0.85538,11
492,Hang Chen,559,589,30,0.86838,0.85538,1
493,AlejandroCoronado,562,578,16,0.86838,0.85538,7
494,DrHB,561,572,11,0.86838,0.85538,2
495,willer,560,577,17,0.86838,0.85538,5
496,xiaohouz1,552,590,38,0.86838,0.85538,8
497,Meiyi Yang,558,512,-46,0.86838,0.85538,11
498,Vishy,547,602,55,0.86838,0.85538,8
499,cchangcs,557,527,-30,0.86838,0.85538,6
500,remora,556,526,-30,0.86838,0.85538,12
501,zhengbin,555,588,33,0.86838,0.85538,19
502,Ashish Jagadish,554,552,-2,0.86838,0.85538,1
503,SunnyJi,553,601,48,0.86838,0.85538,5
504,Aleksandar,571,591,20,0.86838,0.85538,2
505,dannyDL,551,570,19,0.86838,0.85538,15
506,Alex Ermolaev,550,609,59,0.86838,0.85538,14
507,sandy1112,549,516,-33,0.86838,0.85538,47
508,romansipula,570,443,-127,0.86838,0.86679,87
509,Agrwhy,581,554,-27,0.86838,0.85538,8
510,ouyang,572,525,-47,0.86838,0.85538,11
511,BiswaroopMukherjee,573,561,-12,0.86838,0.85538,2
512,insolfrac,597,607,10,0.86838,0.85538,1
513,Nairobi,596,521,-75,0.86838,0.85538,32
514,Christian Schlarmann,595,576,-19,0.86838,0.85538,8
515,_RGB_,594,557,-37,0.86838,0.85538,20
516,Buuuu,593,410,-183,0.86838,0.86754,38
517,Kent Chiu,592,558,-34,0.86838,0.85538,14
518,shay,590,542,-48,0.86838,0.85538,20
519,Vladimir Osin,589,600,11,0.86838,0.85538,7
520,HMaryuer,588,592,4,0.86838,0.85538,1
521,KGjertsson,587,543,-44,0.86838,0.85538,4
522,Bishesh,586,390,-196,0.86838,0.86865,11
523,Kenji,585,556,-29,0.86838,0.85538,3
524,Liu Xindi,584,511,-73,0.86838,0.85538,28
525,Dominators,583,585,2,0.86838,0.85538,8
526,olive95,582,529,-53,0.86838,0.85538,6
527,Ash Kh,580,536,-44,0.86838,0.85538,5
528,Rahul Vaghela,579,564,-15,0.86838,0.85538,6
529,haojiong,578,523,-55,0.86838,0.85538,6
530,chhaatra,577,583,6,0.86838,0.85538,4
531,Jhonatan da Silva,576,515,-61,0.86838,0.85538,8
532,sujisuraj,574,582,8,0.86838,0.85538,7
533,libinglin,548,598,50,0.86838,0.85538,2
534,Joakim Arvidsson,536,518,-18,0.86838,0.85538,3
535,Shubham Choudhary,546,531,-15,0.86838,0.85538,3
536,Vadim Borisov,508,599,91,0.86838,0.85538,3
537,Rob Wishart,518,545,27,0.86838,0.85538,1
538,Piyush,517,530,13,0.86838,0.85538,7
539,Ayman Khalafallah,516,544,28,0.86838,0.85538,2
540,shree,515,550,35,0.86838,0.85538,1
541,DollofCuty,514,573,59,0.86838,0.85538,56
542,RustyB,513,555,42,0.86838,0.85538,4
543,Gabriel Dreiman,512,574,62,0.86838,0.85538,2
544,shuaizhao,511,537,26,0.86838,0.85538,4
545,Kaggoo,510,539,29,0.86838,0.85538,1
546,Vladimir Larin,509,560,51,0.86838,0.85538,2
547,GhMa,507,569,62,0.86838,0.85538,41
548,MJ Bahmani,520,546,26,0.86838,0.85538,2
549,Deep Chatterjee,506,575,69,0.86838,0.85538,1
550,gokkulnath,504,568,64,0.86838,0.85538,4
551,Sandeep Gupta,503,563,60,0.86838,0.85538,29
552,‰Ω†Ëã•ÊàêÈ£é,502,562,60,0.86838,0.85538,2
553,AnthonyLam,501,547,46,0.86838,0.85538,10
554,QiangBing Peng,500,513,13,0.86838,0.85538,6
555,yumo,499,566,67,0.86838,0.85538,2
556,gody7334,498,603,105,0.86838,0.85538,3
557,Ayush Patel,497,565,68,0.86838,0.85538,3
558,JohnWei,545,567,22,0.86838,0.85538,6
559,WhaleCollector,519,606,87,0.86838,0.85538,7
560,Edric Franco,535,605,70,0.86838,0.85538,3
561,Master,521,528,7,0.86838,0.85538,37
562,GrzegorzK,533,579,46,0.86838,0.85538,2
563,Kerem Turgutlu,544,559,15,0.86838,0.85538,29
564,Prajjwal,543,524,-19,0.86838,0.85538,41
565,Zan Huang,542,553,11,0.86838,0.85538,2
566,Rich He,541,541,0,0.86838,0.85538,3
567,aLin,540,548,8,0.86838,0.85538,2
568,SpqceD,538,587,49,0.86838,0.85538,11
569,TheeNando,537,580,43,0.86838,0.85538,3
570,Leigh,522,533,11,0.86838,0.85538,1
571,Yagami,534,608,74,0.86838,0.85538,3
572,ynhuhu,539,549,10,0.86838,0.85538,9
573,xinfeng lu,532,519,-13,0.86838,0.85538,3
574,Victor Otliga,531,596,65,0.86838,0.85538,13
575,kmotohas,530,594,64,0.86838,0.85538,1
576,Socr,529,571,42,0.86838,0.85538,19
577,Bharadwaj Srigiriraju,528,517,-11,0.86838,0.85538,18
578,SouravSingh,523,586,63,0.86838,0.85538,3
579,Eugene Bochkov,527,584,57,0.86838,0.85538,6
580,aryuer,526,540,14,0.86838,0.85538,2
581,jionie,525,480,-45,0.86838,0.86405,44
582,Siarhei Fedartsou,524,597,73,0.86838,0.85538,17
583,NiceShijiali,598,616,18,0.86808,0.85328,9
584,JhonIntriago(Thoth),599,612,13,0.86792,0.85512,39
585,ankitmaity,600,532,-68,0.86784,0.85538,3
586,Kazumi Sakamoto,601,508,-93,0.86736,0.85584,13
587,Misuk Kim,602,507,-95,0.86727,0.85584,8
588,[m.me/SNKRSdetaction] p2,603,623,20,0.86672,0.84393,32
589,cheeruplc,604,486,-118,0.86641,0.86125,10
590,Steinhafen,605,621,16,0.86539,0.85046,21
591,Anarkh,606,619,13,0.86485,0.85151,11
592,Hayden,612,372,-240,0.86322,0.86865,2
593,Zhiyang Li,615,626,11,0.86322,0.84238,2
594,Bibin Paul,614,631,17,0.86322,0.84238,4
595,senkin13,613,629,16,0.86322,0.84238,2
596,AnilPandey,608,630,22,0.86322,0.84238,32
597,Abhilash Awasthi,611,628,17,0.86322,0.84238,2
598,Â∞èËôéÂ∞èÂàÜÈòü,609,627,18,0.86322,0.84238,5
599,David Gong,607,632,25,0.86322,0.84238,2
600,zhaiguangkun,610,440,-170,0.86322,0.86679,3
601,it'll be a fluke,616,625,9,0.86198,0.84249,43
602,huang,617,634,17,0.86045,0.84237,5
603,Tommy Jiang,618,647,29,0.86033,0.8344,15
604,Shuo Zhang,619,639,20,0.85979,0.83754,14
605,JensJepsen,620,613,-7,0.85825,0.85495,66
606,boxer,621,635,14,0.85807,0.84208,33
607,Menbos,625,311,-314,0.85766,0.86865,3
608,YiwenDing,628,643,15,0.85766,0.83624,1
609,Dmitrij Kozachuk,627,642,15,0.85766,0.83624,2
610,jon.bill,626,644,18,0.85766,0.83624,15
611,oyaoya123,624,641,17,0.85766,0.83624,39
612,Yulong Wang,623,645,22,0.85766,0.83624,5
613,--baseline--,622,640,18,0.85766,0.83624,7
614,Zhou Meng,629,646,17,0.85727,0.83599,8
615,ivybug,630,633,3,0.85675,0.84237,3
616,youchaoqin,631,715,84,0.85639,0.82567,47
617,impulsecorp,632,702,70,0.85453,0.82877,14
618,Nemolettinggo,633,712,79,0.85409,0.82772,8
619,Azat Akhtyamov,634,697,63,0.85363,0.83164,41
620,Gary,635,638,3,0.85307,0.83807,48
621,Divyashakti,636,648,12,0.85114,0.83411,9
622,The Devil,641,659,18,0.85094,0.83371,2
623,moon13,645,653,8,0.85094,0.83371,2
624,Alexander Antonenko,643,654,11,0.85094,0.83371,2
625,astron,642,520,-122,0.85094,0.85538,2
626,Bharat S Raj,644,656,12,0.85094,0.83371,3
627,Akila Wajirasena,640,657,17,0.85094,0.83371,1
628,Noah Weber,637,652,15,0.85094,0.83371,11
629,Sinh,638,655,17,0.85094,0.83371,1
630,Shubh,639,658,19,0.85094,0.83371,9
631,r06944051_PC,646,650,4,0.85078,0.83392,3
632,ntu_cc,647,649,2,0.85078,0.83392,34
633,shallow learning,649,661,12,0.85006,0.83342,8
634,Jony Karki,650,662,12,0.85006,0.83342,12
635,Gaurav,648,660,12,0.85006,0.83342,26
636,‰∫å‰∫∫‰πüÊàêËôé,651,663,12,0.84994,0.83329,10
637,Py Neo,652,664,12,0.84928,0.83271,51
638,Van de Rakt,674,689,15,0.84914,0.83265,3
639,Dowakin,669,681,12,0.84914,0.83265,11
640,DSEverything,670,676,6,0.84914,0.83265,5
641,SaamahnMahjouri,671,686,15,0.84914,0.83265,32
642,Ordy,672,674,2,0.84914,0.83265,2
643,G.H.,673,672,-1,0.84914,0.83265,1
644,January_3rd,681,693,12,0.84914,0.83265,1
645,youth,675,694,19,0.84914,0.83265,15
646,Alberto C. R√≠os,676,683,7,0.84914,0.83265,3
647,Gray Cat,679,678,-1,0.84914,0.83265,1
648,Ginray,680,673,-7,0.84914,0.83265,4
649,Nishant Bhavsar,667,696,29,0.84914,0.83265,1
650,Andr√© Oliva,682,684,2,0.84914,0.83265,21
651,t369,668,695,27,0.84914,0.83265,4
652,Zhijian Li,677,667,-10,0.84914,0.83265,6
653,Th√©ophile Leparmentier,666,666,0,0.84914,0.83265,2
654,peterhwang2010,658,679,21,0.84914,0.83265,12
655,Vitaly Portnoy,653,682,29,0.84914,0.83265,1
656,Cameron Severn,654,691,37,0.84914,0.83265,1
657,Peterzhang,655,669,14,0.84914,0.83265,3
658,_hans,665,671,6,0.84914,0.83265,24
659,Alex_Scut,657,668,11,0.84914,0.83265,39
660,Stanislau Fink,656,687,31,0.84914,0.83265,2
661,yk13,659,665,6,0.84914,0.83265,11
662,Bruno Aquino,660,692,32,0.84914,0.83265,1
663,Jialin,661,685,24,0.84914,0.83265,2
664,jun4ai,662,670,8,0.84914,0.83265,6
665,Lucas Gago,663,680,17,0.84914,0.83265,1
666,An Nguyen,664,675,11,0.84914,0.83265,2
667,makeitsimple,683,688,5,0.84913,0.83265,9
668,Rohan Asthana,684,698,14,0.84827,0.83138,14
669,Subra,685,720,35,0.84796,0.82416,31
670,Akrusher,686,700,14,0.84778,0.82991,1
671,Aleksandr Mityakov,687,703,16,0.84761,0.82877,35
672,ozoneiscool,688,699,11,0.84685,0.83083,3
673,SeoungSeonJeon,689,717,28,0.84577,0.82449,40
674,Weikun,691,768,77,0.84572,0.82313,4
675,Denis Finogenov,690,767,77,0.84572,0.82313,4
676,BruceDai003,714,762,48,0.84564,0.82408,3
677,takeh.oh,716,593,-123,0.84564,0.85538,25
678,Glad Boyz,717,745,28,0.84564,0.82408,50
679,hakan ozen,718,741,23,0.84564,0.82408,1
680,Kant√©,719,752,33,0.84564,0.82408,29
681,Zhuravlev Nikita,720,754,34,0.84564,0.82408,5
682,aya2018,721,724,3,0.84564,0.82408,3
683,Nick Brooks,722,729,7,0.84564,0.82408,1
684,Jordan Fotaras,723,758,35,0.84564,0.82408,1
685,Nazim Girach,724,732,8,0.84564,0.82408,13
686,zytx121,725,737,12,0.84564,0.82408,1
687,Chandan Verma,726,753,27,0.84564,0.82408,16
688,Vladimir Sokhatskyi,727,731,4,0.84564,0.82408,1
689,Anton Bazdyrev,728,738,10,0.84564,0.82408,3
690,Tr∆∞∆°ng Th√°i H∆∞ng,729,734,5,0.84564,0.82408,3
691,Sridharan Kamalakannan,730,761,31,0.84564,0.82408,1
692,sharthZ#23,731,744,13,0.84564,0.82408,1
693,U023,732,727,-5,0.84564,0.82408,1
694,ÁúâÈó¥ÁªÜÈõ™,733,728,-5,0.84564,0.82408,1
695,Luis Andre Dutra e Silva,734,721,-13,0.84564,0.82408,17
696,eric ching,715,719,4,0.84564,0.8242,7
697,mrgraeme,711,751,40,0.84564,0.82408,6
698,mohitgupta_omg,713,755,42,0.84564,0.82408,1
699,EduardoLi,702,735,33,0.84564,0.82408,1
700,Shujian Liu,693,742,49,0.84564,0.82408,5
701,Bob,694,757,63,0.84564,0.82408,1
702,Kripakaran Prabhakaran,695,748,53,0.84564,0.82408,1
703,Nikita Detkov,696,725,29,0.84564,0.82408,4
704,MadCoder,697,740,43,0.84564,0.82408,10
705,Tayyab Ali,692,750,58,0.84564,0.82408,2
706,PizzaPower,699,743,44,0.84564,0.82408,3
707,Elan Rosen,700,730,30,0.84564,0.82408,3
708,Tony Lee,701,736,35,0.84564,0.82408,4
709,Rafay,698,749,51,0.84564,0.82408,3
710,ericbenhamou,703,733,30,0.84564,0.82408,1
711,SAURAV SUMAN,704,760,56,0.84564,0.82408,2
712,Erik Gao,705,722,17,0.84564,0.82408,1
713,Zhu Xi,706,747,41,0.84564,0.82408,1
714,bharatbgarg4,707,746,39,0.84564,0.82408,2
715,AlexHarVe,708,726,18,0.84564,0.82408,1
716,hamelg,709,723,14,0.84564,0.82408,1
717,Aayush Saxena,710,739,29,0.84564,0.82408,2
718,wsdgh,712,756,44,0.84564,0.82408,2
719,SALIL MISHRA,735,759,24,0.84543,0.82408,11
720,Maksymilian Szmelczynski,736,956,220,0.84515,0.82262,16
721,"Fan Hsi, Wang",737,718,-19,0.84492,0.8242,50
722,momi64,738,636,-102,0.84471,0.84145,21
723,liuchunhui,739,708,-31,0.84457,0.82786,2
724,destiny,740,706,-34,0.84457,0.82786,1
725,Dariia Hordiiuk,741,705,-36,0.84456,0.82786,7
726,YaG320,742,710,-32,0.84456,0.82786,1
727,Rauf Kurbanov,743,711,-32,0.84456,0.82786,2
728,kekedan,744,13,-731,0.84456,0.96852,5
729,Slime,745,707,-38,0.84447,0.82786,6
730,herr_kun,746,704,-42,0.84439,0.82786,8
731,zengling,747,624,-123,0.84387,0.84336,15
732,Arpit Kanodia,748,967,219,0.84383,0.81736,34
733,ManishYathnalli,749,709,-40,0.84376,0.82786,21
734,Pei-Ching Chang,750,713,-37,0.84308,0.82743,25
735,Âê¥ÂΩ¶ÁªÑ,751,968,217,0.84243,0.81485,1
736,mbotler,752,701,-51,0.84207,0.82879,2
737,Fridtjof Wabakken,753,716,-37,0.84206,0.82495,8
738,cv633,754,962,208,0.84166,0.81995,13
739,meow,755,961,206,0.84157,0.8207,1
740,Peijun Ye,756,971,215,0.84147,0.81305,1
741,Apoorv Agnihotri,874,861,-13,0.84094,0.82297,1
742,rk.feng,890,904,14,0.84094,0.82297,53
743,Paulo S. Santos,875,789,-86,0.84094,0.82297,5
744,Pierre-Nicolas Piquin,938,837,-101,0.84094,0.82297,26
745,RexHuang936,880,832,-48,0.84094,0.82297,8
746,SicilyTing,876,793,-83,0.84094,0.82297,8
747,TsungHan,877,825,-52,0.84094,0.82297,8
748,skr,878,934,56,0.84094,0.82297,3
749,Walt Mayfield,879,809,-70,0.84094,0.82297,11
750,Debajyoti Nath,886,937,51,0.84094,0.82297,2
751,Saurabh,881,800,-81,0.84094,0.82297,3
752,PieterBlomme,882,826,-56,0.84094,0.82297,56
753,AapKiKashish,883,919,36,0.84094,0.82297,14
754,Luffealto,884,897,13,0.84094,0.82297,3
755,luxingstar,885,792,-93,0.84094,0.82297,4
756,MadhavanKrishnan,887,856,-31,0.84094,0.82297,4
757,Artyom Koshko,872,882,10,0.84094,0.82297,4
758,David Chan,888,908,20,0.84094,0.82297,4
759,Amin Pial,889,938,49,0.84094,0.82297,3
760,Megha Agarwal,873,950,77,0.84094,0.82297,3
761,HariP,852,925,73,0.84094,0.82297,1
762,Lesaffrea,871,886,15,0.84094,0.82297,1
763,Mushahid Shamim,870,935,65,0.84094,0.82297,9
764,James Chang,851,913,62,0.84094,0.82297,3
765,Northmelon,892,813,-79,0.84094,0.82297,6
766,Tarun Sriranga Paparaju,853,843,-10,0.84094,0.82297,2
767,Xuehai Xia,854,773,-81,0.84094,0.82297,50
768,XK_Luo,855,821,-34,0.84094,0.82297,2
769,Nukkad Star,856,814,-42,0.84094,0.82297,1
770,jjlin,857,842,-15,0.84094,0.82297,14
771,Peppa Pig,858,845,-13,0.84094,0.82297,6
772,Aleksandr Dokuchaev,859,933,74,0.84094,0.82297,66
773,HariC,860,917,57,0.84094,0.82297,4
774,Weixin XU,861,830,-31,0.84094,0.82297,4
775,JYAhn,862,926,64,0.84094,0.82297,8
776,Jeremy Shang,863,952,89,0.84094,0.82297,1
777,grib0ed0v,864,846,-18,0.84094,0.82297,3
778,zx-code123,865,954,89,0.84094,0.82297,1
779,Cedric Chee,866,864,-2,0.84094,0.82297,4
780,SwatiTiwari,867,714,-153,0.84094,0.82651,61
781,IMTeam,868,932,64,0.84094,0.82297,7
782,idroid,869,796,-73,0.84094,0.82297,2
783,Xinsong Li,891,838,-53,0.84094,0.82297,2
784,tomy4reel,914,944,30,0.84094,0.82297,2
785,Ali Nawed,893,940,47,0.84094,0.82297,2
786,Rohit Rangwani,918,772,-146,0.84094,0.82297,1
787,Rekun Dmitry,920,834,-86,0.84094,0.82297,2
788,AnkurShukla,921,863,-58,0.84094,0.82297,2
789,Nguy·ªÖn Ho√†ng Qu√¢n,922,781,-141,0.84094,0.82297,4
790,donggyukimc,923,802,-121,0.84094,0.82297,2
791,BoFan,924,905,-19,0.84094,0.82297,21
792,LucasZimmer,925,893,-32,0.84094,0.82297,1
793,Junxiong Liu,926,867,-59,0.84094,0.82297,3
794,ICaughtAWhale,927,854,-73,0.84094,0.82297,1
795,Kangyu,928,873,-55,0.84094,0.82297,2
796,neuronblack,929,807,-122,0.84094,0.82297,1
797,dddmd,930,820,-110,0.84094,0.82297,7
798,Chenhao Wang,931,866,-65,0.84094,0.82297,8
799,ZhicongLiang,932,831,-101,0.84094,0.82297,1
800,kageka,933,804,-129,0.84094,0.82297,4
801,Sophie,934,801,-133,0.84094,0.82297,1
802,AU12,935,920,-15,0.84094,0.82297,2
803,Kaggle Warrior,936,876,-60,0.84094,0.82297,1
804,XiWuXueWei,937,850,-87,0.84094,0.82297,1
805,ddt0106,849,815,-34,0.84094,0.82297,1
806,Yu Huang,919,798,-121,0.84094,0.82297,3
807,Daniil Barysevich,917,878,-39,0.84094,0.82297,3
808,Athira Nair,894,899,5,0.84094,0.82297,1
809,Ron Jacobson,916,788,-128,0.84094,0.82297,4
810,baseline_go,895,775,-120,0.84094,0.82297,13
811,yanran,896,889,-7,0.84094,0.82297,1
812,ritzs,897,855,-42,0.84094,0.82297,1
813,Andrey Tulyakov,898,871,-27,0.84094,0.82297,9
814,Vas. Lemonidis,900,783,-117,0.84094,0.82297,11
815,shalen,901,877,-24,0.84094,0.82297,1
816,AbhilashVJ,902,918,16,0.84094,0.82297,1
817,Srirama Nakshathri,903,805,-98,0.84094,0.82297,1
818,XuZhenW,904,776,-128,0.84094,0.82297,1
819,Kalawy,905,874,-31,0.84094,0.82297,5
820,Daria,906,907,1,0.84094,0.82297,7
821,aguka,907,844,-63,0.84094,0.82297,3
822,hello,908,840,-68,0.84094,0.82297,6
823,Xu Han,909,785,-124,0.84094,0.82297,8
824,YuvalAlk,910,780,-130,0.84094,0.82297,10
825,Karl Aldesberg,911,870,-41,0.84094,0.82297,12
826,juzi,912,822,-90,0.84094,0.82297,3
827,AdamWybierala,913,915,2,0.84094,0.82297,1
828,LiangZhao,915,955,40,0.84094,0.82297,2
829,üáªüá≥ SAMI-HUST,850,929,79,0.84094,0.82297,70
830,pingguoguoxiansheng,820,927,107,0.84094,0.82297,1
831,eugeol,848,774,-74,0.84094,0.82297,5
832,Zhu Hui,777,818,41,0.84094,0.82297,3
833,Naveen Chaudhary,779,803,24,0.84094,0.82297,4
834,LiZhang,780,885,105,0.84094,0.82297,2
835,Bibek,781,890,109,0.84094,0.82297,1
836,DunDun,782,941,159,0.84094,0.82297,1
837,Andrey Demidov,783,872,89,0.84094,0.82297,2
838,Rafat Hussain,784,812,28,0.84094,0.82297,1
839,samirthapa,785,879,94,0.84094,0.82297,1
840,xiechuangliang,786,858,72,0.84094,0.82297,1
841,techdude23,787,951,164,0.84094,0.82297,15
842,mrkito,788,848,60,0.84094,0.82297,3
843,Maria Dyakova,789,875,86,0.84094,0.82297,2
844,Dawid Majchrowski,790,910,120,0.84094,0.82297,4
845,takeishikoki,791,909,118,0.84094,0.82297,1
846,AlexeyCh,792,948,156,0.84094,0.82297,1
847,yang yu,793,894,101,0.84094,0.82297,1
848,Aquamen,794,859,65,0.84094,0.82297,2
849,Yuichi Iwanami,796,770,-26,0.84094,0.82297,8
850,Ayan Sinha Mahapatra,797,896,99,0.84094,0.82297,1
851,kushal agrawal,798,806,8,0.84094,0.82297,1
852,Termi,778,817,39,0.84094,0.82297,1
853,daten-kieker,776,851,75,0.84094,0.82297,2
854,Jimmy Z,800,949,149,0.84094,0.82297,5
855,Lindada,775,883,108,0.84094,0.82297,1
856,Walid Aransa,847,787,-60,0.84094,0.82297,1
857,Rashid Dilkash,757,839,82,0.84094,0.82297,1
858,Wheeler Earnest,758,784,26,0.84094,0.82297,1
859,Chun Yee Lee,759,869,110,0.84094,0.82297,5
860,Benzamin,760,906,146,0.84094,0.82297,1
861,Krishna Prasad,761,857,96,0.84094,0.82297,1
862,Hakim.F,762,911,149,0.84094,0.82297,1
863,Ashish Patel(ÈòøÂ∏å‰ªÄ),763,903,140,0.84094,0.82297,7
864,rockit123,764,902,138,0.84094,0.82297,4
865,Erik Gaasedelen,765,947,182,0.84094,0.82297,4
866,AI_6+1,766,923,157,0.84094,0.82297,4
867,Mohamed Ramzy,767,914,147,0.84094,0.82297,2
868,yingxiao,768,892,124,0.84094,0.82297,2
869,Tiamo van Eijmeren,769,799,30,0.84094,0.82297,1
870,kachua222,770,771,1,0.84094,0.82297,3
871,Nilabha Bhattacharya,771,841,70,0.84094,0.82297,1
872,ntk-lab,772,828,56,0.84094,0.82297,1
873,Dinesh manivannan,773,939,166,0.84094,0.82297,1
874,dgk1,774,777,3,0.84094,0.82297,1
875,McCartney Taylor,799,852,53,0.84094,0.82297,2
876,cseusong,807,779,-28,0.84094,0.82297,2
877,Aurelio,801,898,97,0.84094,0.82297,5
878,Wmcclus,826,786,-40,0.84094,0.82297,1
879,LiZiyu,828,884,56,0.84094,0.82297,4
880,Christian de Bouille,829,868,39,0.84094,0.82297,1
881,Hamish Dickson,830,912,82,0.84094,0.82297,4
882,Banko,831,891,60,0.84094,0.82297,3
883,Èë´ ‰æØ,832,924,92,0.84094,0.82297,3
884,The Shell Gurus,833,823,-10,0.84094,0.82297,6
885,Wealthy-Wise-Whale,846,835,-11,0.84094,0.82297,21
886,zjx2014010528,835,936,101,0.84094,0.82297,5
887,all_random,836,827,-9,0.84094,0.82297,5
888,Cape,837,860,23,0.84094,0.82297,1
889,CarlosSantillan,838,862,24,0.84094,0.82297,2
890,AI_rookie,839,922,83,0.84094,0.82297,2
891,ChenHuayi,840,865,25,0.84094,0.82297,5
892,ÂüéÁíê,841,916,75,0.84094,0.82297,39
893,Kushagra Agrawal,842,880,38,0.84094,0.82297,23
894,Qin Lei,843,816,-27,0.84094,0.82297,3
895,PC Jimmmy,844,811,-33,0.84094,0.82297,2
896,PooriaPoorsarvi,845,824,-21,0.84094,0.82297,12
897,BiooooMod,802,895,93,0.84094,0.82297,5
898,S.Majid Naji,827,791,-36,0.84094,0.82297,5
899,yob cmst,834,900,66,0.84094,0.82297,1
900,Longer,824,887,63,0.84094,0.82297,10
901,imagination,812,794,-18,0.84094,0.82297,1
902,sivi,823,945,122,0.84094,0.82297,1
903,loss:nan,804,797,-7,0.84094,0.82297,3
904,JohnLuo,805,943,138,0.84094,0.82297,2
905,habakan,806,810,4,0.84094,0.82297,1
906,fengkuang,808,853,45,0.84094,0.82297,2
907,Tomkevich Alina Kazimirovna,809,836,27,0.84094,0.82297,2
908,HotVar,810,931,121,0.84094,0.82297,3
909,JeongMyeong,811,953,142,0.84094,0.82297,3
910,pdway53,803,795,-8,0.84094,0.82297,1
911,Asmita chauhan,813,901,88,0.84094,0.82297,1
912,InfiniteWing,814,930,116,0.84094,0.82297,1
913,hayacjp,815,769,-46,0.84094,0.82297,2
914,dmdr,816,514,-302,0.84094,0.85538,63
915,Haruka Ichimura,817,928,111,0.84094,0.82297,1
916,sakuraiii,818,881,63,0.84094,0.82297,2
917,WangXu,819,790,-29,0.84094,0.82297,1
918,As a start,821,534,-287,0.84094,0.85538,42
919,Rajat,822,849,27,0.84094,0.82297,6
920,Wei Han,939,763,-176,0.84091,0.82343,3
921,FzuOymz,940,766,-174,0.84091,0.82343,1
922,Bohdan Chechin,941,764,-177,0.84091,0.82343,1
923,DUI,942,765,-177,0.84073,0.82343,53
924,Baoan FENG,943,959,16,0.84043,0.82224,24
925,FrankZhou,944,946,2,0.84007,0.82297,2
926,William Horton,945,969,24,0.83997,0.81386,6
927,ryuzaki,946,651,-295,0.83974,0.83374,21
928,DeepSuffer,947,958,11,0.83938,0.82233,5
929,wjy0,948,973,25,0.8393,0.81217,6
930,Solverminds,949,964,15,0.83859,0.81869,12
931,Cihan,950,91,-859,0.83816,0.92188,1
932,Tyger,951,637,-314,0.83763,0.83992,9
933,Hohf,952,966,14,0.83739,0.81738,4
934,Mohammad Mahdi Jahanara,953,960,7,0.835,0.82178,5
935,Vlad Krylov,954,974,20,0.83389,0.81176,19
936,Hei Bro,955,963,8,0.83341,0.81919,8
937,laol,956,979,23,0.83324,0.80465,3
938,KG123,957,980,23,0.83164,0.8018,1
939,Fixer,958,975,17,0.8313,0.81026,14
940,mantianlong,959,990,31,0.82994,0.7944,1
941,Mark Tuddenham,961,996,35,0.82943,0.78831,4
942,CodeArtist,962,977,15,0.82925,0.80905,3
943,Thomas Hossler,963,989,26,0.82858,0.79463,23
944,SimonW,964,993,29,0.82839,0.79036,4
945,roycezjq,965,888,-77,0.82811,0.82297,43
946,avithal,966,965,-1,0.82781,0.81756,16
947,AmazonWhaleServices,967,972,5,0.8263,0.81257,72
948,Chin Ee Kin,968,992,24,0.82421,0.79429,24
949,Renat Sembaev,972,981,9,0.82383,0.80057,2
950,yuwue2000,973,985,12,0.82383,0.80057,1
951,Merry Dog,970,982,12,0.82383,0.80057,2
952,ruchibahl,971,984,13,0.82383,0.80057,1
953,boyz,969,983,14,0.82383,0.80057,1
954,Kristjan Kongas,974,986,12,0.82352,0.79633,14
955,luxingxing,975,978,3,0.82287,0.80772,29
956,Tetsuro Kato,976,976,0,0.82258,0.80982,38
957,SebastianMack,977,991,14,0.81945,0.79438,1
958,Shudai,978,220,-758,0.8169,0.88495,22
959,JoonHo Lee,979,988,9,0.81429,0.79478,45
960,Sizhe Li,980,1016,36,0.81093,0.77343,22
961,Paolo Tatti,981,819,-162,0.81072,0.82297,6
962,Boris,982,610,-372,0.80806,0.85528,130
963,Bohdan Holovnin,983,1000,17,0.80412,0.77933,1
964,HRed,984,1035,51,0.8026,0.75477,6
965,RobinDong,985,995,10,0.80048,0.79008,45
966,YuchenSun,986,1001,15,0.7978,0.77758,2
967,Matthew Anderson,987,1002,15,0.7978,0.77745,26
968,GiangBK13,988,1015,27,0.79772,0.77682,22
969,Rupesh Sreeraman,989,1010,21,0.79772,0.77682,7
970,vanAmsen,990,1013,23,0.79772,0.77682,1
971,Utkarsh Rai,991,1012,21,0.79772,0.77682,3
972,Fledglings :),992,1011,19,0.79772,0.77682,9
973,HS309,993,1014,21,0.79772,0.77682,5
974,chenxingpeng,994,1009,15,0.7975,0.7773,10
975,xuexia,995,1008,13,0.79747,0.7773,15
976,XII,999,833,-166,0.7974,0.82297,17
977,NCHU_weilun,1000,1003,3,0.7974,0.77735,21
978,Russ Boucher,997,1005,8,0.7974,0.77735,4
979,CosmicQua,998,1006,8,0.7974,0.77735,2
980,GHARBOUB Mohamed,996,1007,11,0.7974,0.77735,6
981,benwu232,1001,102,-899,0.7964,0.91694,19
982,Neutron,1002,1032,30,0.79505,0.75888,1
983,Xu Zhang,1003,1027,24,0.79236,0.76565,9
984,dasd,1004,994,-10,0.79198,0.79028,15
985,schiyoda,1005,1028,23,0.79193,0.76211,2
986,DLWangYP,1006,1019,13,0.79098,0.76939,8
987,fastai-radek-starter,1007,1025,18,0.7903,0.76588,2
988,hn5311,1008,987,-21,0.79028,0.79505,28
989,Andrzej Kuro,1009,1023,14,0.7902,0.76668,7
990,Duy Tr∆∞∆°ng,1011,1022,11,0.7902,0.76668,6
991,ZeroCode3,1012,1024,12,0.7902,0.76668,11
992,djJana,1013,999,-14,0.78919,0.77992,1
993,Ustb,1014,1021,7,0.78907,0.76725,14
994,Arcile,1015,1029,14,0.78898,0.76206,4
995,sonse shimaoka,1016,1018,2,0.78864,0.76943,8
996,khursani,1017,1026,9,0.78825,0.76571,19
997,VivekGujar,1018,998,-20,0.78808,0.78502,15
998,Bryan Heffernan,1019,1033,14,0.78631,0.75766,2
999,Blueve,1020,1020,0,0.78555,0.76848,16
1000,YunZhangFang,1021,1073,52,0.78552,0.72642,2
1001,Midwest Fastai,1022,1030,8,0.78536,0.75981,19
1002,alllllllllllex,1023,1047,24,0.78528,0.75008,13
1003,tqdm,1024,1042,18,0.78505,0.75233,6
1004,lippyt,1025,1038,13,0.78436,0.75377,3
1005,task,1026,1031,5,0.78423,0.75913,6
1006,Raghava,1027,1034,7,0.77871,0.7561,45
1007,gurvinder,1028,1037,9,0.77823,0.75421,5
1008,NinaV,1029,1041,12,0.77781,0.75274,52
1009,Julien M,1030,1043,13,0.77756,0.75197,5
1010,sora,1031,1039,8,0.77695,0.75368,2
1011,Frank R.,1032,1046,14,0.77682,0.7506,28
1012,vij,1033,1048,15,0.77656,0.74913,5
1013,Sam Ariabod,1034,1053,19,0.77457,0.74515,70
1014,SetaSouto,1035,1060,25,0.77449,0.73391,11
1015,Andrew chan,1036,1044,8,0.77308,0.75094,5
1016,clumsy_fish,1037,1052,15,0.77219,0.74523,1
1017,SmartPixel.Top,1038,1036,-2,0.77131,0.7546,19
1018,mltree,1039,1054,15,0.77038,0.74164,3
1019,A.J.S,1040,1051,11,0.77011,0.74656,4
1020,Vitaliy Kinakh,1041,1089,48,0.76941,0.71508,6
1021,Konrad Semsch,1042,1050,8,0.76835,0.74669,12
1022,Olga Moskvyak,1043,1045,2,0.76804,0.75087,23
1023,tian,1044,1049,5,0.7679,0.74765,3
1024,Johannes Brunner,1045,1017,-28,0.76783,0.77016,9
1025,kelvinson17,1046,1055,9,0.76692,0.74101,1
1026,Gianfranco Rossi,1047,1040,-7,0.76172,0.75277,5
1027,ffjsls,1048,808,-240,0.76172,0.82297,1
1028,Yummy,1049,1066,17,0.75991,0.73226,11
1029,Carl Philipp Hoppe,1050,1068,18,0.7567,0.72947,17
1030,Yamato OKAMOTO,1051,1056,5,0.75359,0.7392,3
1031,JYHC,1052,1058,6,0.75172,0.73671,4
1032,ShawnTung,1053,1059,6,0.75169,0.73671,13
1033,skwwt,1054,1075,21,0.7516,0.72469,15
1034,giorgosts,1055,1057,2,0.75067,0.73755,13
1035,Ideal Egg,1057,1064,7,0.75038,0.73307,1
1036,Hope,1058,1065,7,0.75038,0.73307,1
1037,Vishal Gupta,1059,1062,3,0.75038,0.73307,7
1038,asdiuzd,1060,1063,3,0.75038,0.73307,28
1039,Pranshu Kumar,1056,677,-379,0.75038,0.83265,21
1040,Ryan Goy,1061,1100,39,0.74993,0.70908,2
1041,Martin Bonardi,1062,1004,-58,0.7479,0.77735,16
1042,Th·∫£o Shibe,1063,1067,4,0.74737,0.72986,15
1043,Alex Glinsky,1064,1086,22,0.74459,0.71794,26
1044,sigengchen,1067,1069,2,0.74234,0.72848,6
1045,Muhammed,1068,1071,3,0.74234,0.72848,1
1046,Dasha,1066,1070,4,0.74234,0.72848,2
1047,Jose Augusto Montiel,1069,1072,3,0.74099,0.72743,13
1048,miguel perez,1070,1097,27,0.74052,0.7096,4
1049,larcat,1071,1095,24,0.73956,0.7107,33
1050,Tomasz Bartczak,1072,1088,16,0.73934,0.71528,43
1051,ZhuBoFan,1073,1061,-12,0.73917,0.73331,9
1052,ZuoVJ,1074,1084,10,0.73879,0.72065,14
1053,604,1075,1076,1,0.7376,0.7241,2
1054,Maria Kolos,1076,1091,15,0.73759,0.7138,1
1055,Huy Tran,1077,1074,-3,0.73733,0.72637,4
1056,zacks,1078,1083,5,0.73716,0.72176,24
1057,Mahmoud ElHussieni,1079,1079,0,0.73678,0.72384,1
1058,Masoud,1080,1081,1,0.73678,0.72384,1
1059,Hang Dong,1081,1080,-1,0.73678,0.72384,1
1060,Qing Liu,1082,1077,-5,0.73678,0.72384,1
1061,shenbonan,1083,1078,-5,0.73678,0.72384,16
1062,tarun,1084,1085,1,0.73649,0.71841,1
1063,snikks,1086,1106,20,0.73501,0.70391,1
1064,Shakur A,1087,1102,15,0.73501,0.70391,5
1065,sunhwan,1088,1105,17,0.73501,0.70391,4
1066,ManikHossain,1089,1103,14,0.73501,0.70391,1
1067,Harish Vutukuri,1090,1104,14,0.73501,0.70391,6
1068,Linggih Saputro,1085,1107,22,0.73501,0.70391,1
1069,weidom,1091,1082,-9,0.73396,0.72252,12
1070,baixinchen,1092,1087,-5,0.73363,0.71724,4
1071,Frank Jiang,1093,1093,0,0.73227,0.71306,10
1072,Peter,1094,1094,0,0.7277,0.71242,17
1073,Hung Nguyen,1095,1090,-5,0.72704,0.7145,14
1074,Hung Nguyen The,1096,1096,0,0.72533,0.71037,43
1075,Mariam G,1097,1101,4,0.72277,0.70392,2
1076,mythology,1098,1115,17,0.72,0.68682,10
1077,BoatyMcBoatFace,1099,1214,115,0.71876,0.57226,3
1078,LiangdeLi,1101,1099,-2,0.71859,0.70924,23
1079,Laura,1100,1098,-2,0.71859,0.70924,9
1080,shisu,1102,1092,-10,0.7185,0.71328,21
1081,koshian,1103,1121,18,0.71739,0.68113,34
1082,BestRobust,1104,1109,5,0.71431,0.70132,7
1083,Rishabh chauhan,1105,1110,5,0.71431,0.70132,1
1084,Alex Sologub,1106,1116,10,0.71053,0.6861,16
1085,Artem Ryzhikov,1107,1152,45,0.70986,0.64115,10
1086,YH-401,1108,1112,4,0.70984,0.69182,4
1087,5106056035_NCHU,1109,1108,-1,0.70886,0.70299,14
1088,Bartosz,1110,1122,12,0.70804,0.68092,33
1089,Alexandru Brie,1111,1111,0,0.708,0.69295,22
1090,Andrew Minh Nguyen,1113,1125,12,0.70548,0.67714,5
1091,Rob Torp,1114,1113,-1,0.70335,0.69143,30
1092,liugl7,1115,1119,4,0.70324,0.684,2
1093,YoungMin Ro,1116,1124,8,0.70185,0.67975,18
1094,MohamedElTohamy,1117,1128,11,0.70136,0.66516,13
1095,KaggLeNet,1118,1126,8,0.70006,0.67399,24
1096,D-Ark,1119,1120,1,0.69895,0.6831,18
1097,DL_Stuff,1120,1123,3,0.69863,0.67982,5
1098,DennisSakva,1121,227,-894,0.6971,0.88358,33
1099,DrunkWhale,1122,970,-152,0.69699,0.81356,26
1100,Long Kt 96,1123,1117,-6,0.69582,0.68581,17
1101,blacksmith,1124,1130,6,0.69273,0.66332,41
1102,Chih Hao Ma,1125,1127,2,0.69189,0.66987,37
1103,yashish,1126,1131,5,0.69148,0.6633,5
1104,Artur Fattakhov (MIPT DIHT),1127,1134,7,0.68867,0.65948,15
1105,zhh,1128,1137,9,0.68628,0.65831,24
1106,hadxu,1129,1142,13,0.68337,0.65399,26
1107,jianrenmeng,1130,1139,9,0.68299,0.65548,6
1108,Earthos,1131,1150,19,0.68237,0.64825,8
1109,krish240574,1132,1129,-3,0.67716,0.66365,7
1110,CemAltun,1133,1133,0,0.67709,0.6623,18
1111,Parkinson Zabelin,1134,1132,-2,0.6758,0.66236,7
1112,St√©phane Couvreur,1135,1154,19,0.67456,0.64096,15
1113,huangbofan,1136,1153,17,0.6712,0.64098,3
1114,iRON,1137,1144,7,0.66953,0.65248,1
1115,HLNT,1138,1138,0,0.66914,0.6576,12
1116,Vladimir Kovacevic,1139,1143,4,0.66795,0.65265,8
1117,AndreiS,1140,1160,20,0.66699,0.63236,8
1118,Hiro Sato,1141,1140,-1,0.66693,0.65536,1
1119,Weihao Li,1142,1141,-1,0.66521,0.65534,4
1120,KonstantinSchall,1143,1171,28,0.66451,0.62094,3
1121,Kakitgo,1144,1156,12,0.66295,0.63958,1
1122,DivyaGoel,1145,1136,-9,0.66222,0.65849,1
1123,siberiancrane,1146,1147,1,0.66051,0.65142,1
1124,heyuchang,1147,1145,-2,0.66051,0.65142,2
1125,Aditya Karleker,1148,1146,-2,0.66051,0.65142,3
1126,Predictors,1149,1148,-1,0.65973,0.65032,22
1127,Peter G.,1150,1157,7,0.65882,0.63892,47
1128,VJmonkey,1151,1158,7,0.65819,0.63802,15
1129,Karol ≈ªak,1152,1167,15,0.65798,0.62854,57
1130,yao,1153,1155,2,0.65706,0.64061,3
1131,TylerMoncur,1154,1135,-19,0.65351,0.65878,3
1132,Will Scott,1155,1161,6,0.65306,0.63131,14
1133,OxFEE1DEAD,1156,1169,13,0.6513,0.62345,6
1134,NNET,1157,1162,5,0.6494,0.63051,1
1135,Azat Davletshin,1158,1186,28,0.64514,0.60343,4
1136,Ansen,1159,1184,25,0.64386,0.60816,11
1137,phalanx,1160,1164,4,0.64375,0.62877,6
1138,NVS Abhilash,1161,1166,5,0.64375,0.62877,2
1139,Jo,1162,1165,3,0.64375,0.62877,3
1140,rogistic.py,1163,957,-206,0.64338,0.82233,64
1141,Ê†ºÂºèÂåñ‰∏≠,1164,1170,6,0.64152,0.62318,1
1142,Frank Kloster,1165,1159,-6,0.64145,0.63787,4
1143,DavidFan,1167,1163,-4,0.64018,0.62914,47
1144,Team DeepGrey,1166,847,-319,0.64018,0.82297,31
1145,Fan Nuven,1168,1149,-19,0.63889,0.64828,6
1146,whatvermawhat,1169,1168,-1,0.63556,0.62433,26
1147,bangbanglll,1170,1183,13,0.63484,0.60943,5
1148,sergio callarelli,1171,193,-978,0.63399,0.89039,32
1149,Shen,1172,1180,8,0.63335,0.61438,1
1150,FabienMasson,1173,1181,8,0.63311,0.61141,6
1151,Making World great,1174,1176,2,0.63295,0.61623,6
1152,Fedor,1175,1173,-2,0.63295,0.61623,1
1153,Future,1176,1174,-2,0.63295,0.61623,1
1154,PranY,1177,1175,-2,0.63295,0.61623,1
1155,corner200,1178,1177,-1,0.63295,0.61623,4
1156,cheng,1179,1182,3,0.63233,0.61035,39
1157,Ben Lai,1180,1187,7,0.62941,0.60271,2
1158,snowballball,1181,1179,-2,0.62815,0.61499,28
1159,blaizzy,1182,1185,3,0.62651,0.60461,1
1160,JS,1183,1229,46,0.62163,0.55691,2
1161,whuer,1184,1195,11,0.62066,0.58725,11
1162,Dzmitry Shakhrai,1185,1206,21,0.61781,0.57778,4
1163,tetsuya oba,1186,1188,2,0.61757,0.59391,4
1164,Kuzira_no_Shippo,1187,1218,31,0.61754,0.57023,10
1165,Lee Yu Xuan,1188,1202,14,0.61621,0.58028,41
1166,Fangyuan Han,1189,1189,0,0.61513,0.59165,1
1167,qiudavid,1190,1215,25,0.61384,0.57217,11
1168,RohanMahadev,1191,1178,-13,0.61363,0.61502,4
1169,Ronaldo S.A. Batista,1192,1196,4,0.61257,0.58396,3
1170,Bread Lin,1193,1191,-2,0.61212,0.5881,7
1171,Joe Ho,1194,1192,-2,0.61132,0.58801,10
1172,c4lpis,1195,1204,9,0.6102,0.57802,23
1173,Geza Lore,1196,1203,7,0.6101,0.57851,12
1174,Mei Lieber,1197,1193,-4,0.60995,0.58764,40
1175,awmack,1198,997,-201,0.60759,0.78701,17
1176,Yoku,1199,1242,43,0.60581,0.54649,1
1177,emppu,1200,1190,-10,0.60339,0.58979,14
1178,ArtemVasenin(Rizhiy),1201,1227,26,0.60213,0.5593,15
1179,Cugtyt,1202,1200,-2,0.59947,0.58108,3
1180,Ursus,1203,1205,2,0.59877,0.57791,4
1181,Andrew Parker,1204,1212,8,0.59873,0.57378,1
1182,KaggleRoosters,1205,1208,3,0.59779,0.57606,4
1183,TacsyRu,1206,1197,-9,0.59773,0.58242,2
1184,zheng wei,1207,1207,0,0.59647,0.57678,14
1185,rippenschneider,1208,1216,8,0.59604,0.57128,4
1186,Macit Giray Gokirmak,1209,1209,0,0.5959,0.57471,5
1187,cscmedimg,1210,1222,12,0.5958,0.56795,7
1188,OmegaLUL,1211,1240,29,0.59488,0.54865,1
1189,gonz,1212,1198,-14,0.59345,0.58197,71
1190,zhangzhen liu,1213,1237,24,0.59291,0.55152,4
1191,Jonny Lee,1214,1225,11,0.5929,0.56375,10
1192,what a new life,1215,1211,-4,0.59274,0.57392,8
1193,morent,1216,1194,-22,0.59271,0.58745,7
1194,SFlyBoal,1217,1210,-7,0.59261,0.57455,15
1195,Yang Li,1218,1201,-17,0.59256,0.58086,5
1196,Misha Bortnikov,1219,1221,2,0.5924,0.56812,3
1197,Phil Weslow,1220,1199,-21,0.59201,0.58136,1
1198,knhowe,1221,1217,-4,0.59009,0.57036,18
1199,Minjae Kim,1222,1266,44,0.58933,0.51633,5
1200,Jchen,1223,1223,0,0.58753,0.56583,3
1201,Rushikesh Mhatre,1224,1219,-5,0.58687,0.56993,14
1202,NelsonMartins,1225,1252,27,0.58505,0.53559,1
1203,Simon Moisselin,1226,1228,2,0.58446,0.55757,12
1204,narisa,1227,1220,-7,0.58443,0.56859,8
1205,Shubh Chatterjee,1228,1213,-15,0.58344,0.57243,15
1206,Robin Le Guen,1229,1226,-3,0.58197,0.5603,1
1207,Shudong Xie,1230,1231,1,0.58159,0.55529,6
1208,Zak Raicik,1231,1224,-7,0.58147,0.56463,5
1209,NasibUllah,1232,1235,3,0.58088,0.55189,4
1210,Ivan Chernukha,1233,1253,20,0.58069,0.53497,1
1211,Andy McSweeney,1234,1234,0,0.57766,0.55359,7
1212,Alon Aizescu,1235,1232,-3,0.57766,0.55359,2
1213,Maksym Poplavskiy,1236,1233,-3,0.57766,0.55359,2
1214,Vetal1977,1237,1254,17,0.57595,0.53405,1
1215,noypeban,1238,1249,11,0.57503,0.53874,19
1216,Akshay Subramanian,1239,1244,5,0.57482,0.54495,10
1217,samreen Khan,1241,1236,-5,0.57335,0.5516,7
1218,leminhhuy,1242,1274,32,0.57205,0.50749,1
1219,Koen,1243,1238,-5,0.57129,0.54964,4
1220,mackenb,1244,1230,-14,0.56909,0.55544,34
1221,Deekshith,1245,1247,2,0.56867,0.54142,3
1222,JohnKwening,1246,1245,-1,0.56722,0.54439,12
1223,mengjiexu,1247,1246,-1,0.56638,0.543,19
1224,Vladimir Savinov,1248,1241,-7,0.56508,0.54802,1
1225,chappidi111,1249,1263,14,0.56359,0.52353,1
1226,Stas Bekman,1250,1251,1,0.56229,0.53566,16
1227,Konstantin Kostenevskiy,1251,1269,18,0.5619,0.51251,2
1228,Nishanth Reddy M,1252,1255,3,0.56124,0.53121,12
1229,Mulns&Walter,1253,1262,9,0.55758,0.52616,3
1230,Tomoaki Ando,1254,1248,-6,0.55623,0.5398,7
1231,genadir,1255,1270,15,0.55473,0.51103,72
1232,cyaning,1256,1256,0,0.55453,0.53019,12
1233,Sasha Mikheev,1257,1258,1,0.55426,0.52914,2
1234,A. Barnes,1258,1239,-19,0.54999,0.54947,10
1235,Joey,1259,1261,2,0.54915,0.52785,6
1236,Andrew Bordner,1260,1287,27,0.54731,0.49068,1
1237,Haidong Tang,1261,1293,32,0.54675,0.48644,1
1238,Solo,1262,1298,36,0.54674,0.48438,9
1239,Joe Yiolino,1263,1257,-6,0.54571,0.52949,31
1240,Tanjianhui,1264,1250,-14,0.54563,0.53782,2
1241,eggs,1265,1259,-6,0.54446,0.52851,7
1242,Pluk,1266,1267,1,0.54301,0.51632,10
1243,malek.badreddine,1267,1268,1,0.54179,0.51361,14
1244,pangpang,1268,1265,-3,0.54155,0.51716,11
1245,m28ai,1269,1151,-118,0.54073,0.64283,5
1246,ƒê·ª©cAnh,1270,1272,2,0.54011,0.51048,3
1247,Rakhil Immidisetti,1271,1271,0,0.53825,0.51086,9
1248,qiuguhao,1272,1309,37,0.53768,0.47891,7
1249,MarcEmile,1273,1310,37,0.53768,0.47891,14
1250,Jeremy Castle,1274,1264,-10,0.53615,0.52254,8
1251,Alamjeet Singh,1275,1260,-15,0.53516,0.52844,54
1252,chickenBroth,1276,1281,5,0.53401,0.49616,16
1253,Yang Liu,1277,1300,23,0.53373,0.48317,18
1254,HanLi,1278,1299,21,0.52935,0.48368,4
1255,Kuntoro Adi N,1279,1284,5,0.52902,0.49496,21
1256,maike_ywc,1280,1279,-1,0.52866,0.49866,6
1257,John Bradley,1281,1273,-8,0.5285,0.50941,1
1258,Tiago Leite,1282,1278,-4,0.52318,0.49879,17
1259,Data Craze,1283,1276,-7,0.5225,0.50171,1
1260,Honey Gupta,1284,1275,-9,0.5221,0.50356,1
1261,Evgeny Zholkovskiy,1285,1280,-5,0.51985,0.49818,9
1262,DataMania,1286,1297,11,0.51984,0.4847,5
1263,QiujingZhang,1287,1277,-10,0.51948,0.50065,26
1264,Xmiler,1288,66,-1222,0.51925,0.92922,18
1265,Neeraj Agrawal,1289,1296,7,0.51917,0.48525,4
1266,Rana Banerjee,1290,1282,-8,0.5181,0.49589,5
1267,ordersky,1291,1313,22,0.5168,0.47494,1
1268,Ryanzou,1292,1283,-9,0.51509,0.49498,4
1269,upsilon,1293,1304,11,0.51444,0.48146,23
1270,coco,1294,1301,7,0.51326,0.48301,5
1271,XYLDL,1295,1286,-9,0.5129,0.49295,7
1272,tabata shintaro,1296,1294,-2,0.51114,0.48556,35
1273,ben,1297,1295,-2,0.51068,0.48545,8
1274,LuckyCrap,1298,1311,13,0.51033,0.47774,8
1275,Chelus,1299,1315,16,0.5086,0.47066,17
1276,yishihara,1300,1306,6,0.50838,0.47972,19
1277,xiabin,1301,1322,21,0.50631,0.4644,10
1278,Chris Evi-Parker,1302,1291,-11,0.50624,0.48935,4
1279,deep_learners,1303,1318,15,0.50449,0.4667,8
1280,Santhosh Shetty,1304,1285,-19,0.50446,0.49375,2
1281,meir,1305,1290,-15,0.5044,0.4894,12
1282,horohoro,1306,1312,6,0.50337,0.47583,9
1283,new_whale,1307,1319,12,0.50299,0.46585,4
1284,Philidor,1308,1288,-20,0.50191,0.48965,3
1285,for the dream,1309,1292,-17,0.50181,0.48901,4
1286,AdityaSidharta,1310,1303,-7,0.50052,0.48152,2
1287,y.kobayashi,1311,1320,9,0.50019,0.46551,7
1288,Ilia Denisov,1312,1302,-10,0.49987,0.48186,4
1289,zhu chaohua,1313,1305,-8,0.49912,0.48137,4
1290,Roberto Sales,1314,1317,3,0.49522,0.46695,11
1291,Mr. Pan,1315,1307,-8,0.49163,0.47912,3
1292,Alexander Freller,1316,1325,9,0.4908,0.46072,2
1293,LunaBurrito,1317,1289,-28,0.49017,0.48948,2
1294,vulcan,1318,1308,-10,0.4892,0.479,22
1295,AndreiStirb,1319,1338,19,0.48874,0.44446,8
1296,jayanth,1320,1321,1,0.485,0.46491,3
1297,Dreamdragon,1321,1324,3,0.4848,0.4636,2
1298,jacobian,1322,1316,-6,0.48457,0.46727,12
1299,shinyakoizumi,1323,1327,4,0.48387,0.46005,2
1300,omer,1324,1348,24,0.48371,0.43121,14
1301,Telemachus,1325,1331,6,0.48182,0.44987,21
1302,Pomin Wu,1326,1330,4,0.48177,0.44995,7
1303,Likelihood,1327,1323,-4,0.48095,0.46438,44
1304,Amit Singh,1328,1334,6,0.48031,0.44769,3
1305,btk1,1329,1326,-3,0.47923,0.46019,6
1306,Sasank,1330,1329,-1,0.47888,0.45591,6
1307,sunming1991,1331,1332,1,0.4782,0.44842,4
1308,ËÆ∏ÈáëÂù°,1332,1342,10,0.47768,0.43879,5
1309,ApfelPresse,1333,1340,7,0.47586,0.44317,3
1310,Martin B. Eriksen,1334,1328,-6,0.47522,0.45612,5
1311,yilang,1335,1337,2,0.47445,0.44651,7
1312,Tom Wawer,1336,1339,3,0.47032,0.44408,5
1313,mohammad odeh,1337,782,-555,0.46966,0.82297,67
1314,samaltb4,1338,1346,8,0.466,0.43416,4
1315,Charles Gao,1339,1344,5,0.46566,0.43494,1
1316,Rohit,1340,1335,-5,0.46549,0.44707,1
1317,Binary,1341,1347,6,0.46401,0.43412,10
1318,chien,1342,1333,-9,0.46252,0.44771,9
1319,Kok Jian Yu,1343,1355,12,0.46161,0.42484,3
1320,Adi Pradhan,1344,1345,1,0.45932,0.43428,3
1321,Kyoung yeon Choi kenneth,1345,1343,-2,0.45897,0.43781,8
1322,DJ BPK,1346,1352,6,0.45661,0.4277,6
1323,Rajath S Shetty,1347,1359,12,0.45582,0.41949,2
1324,Zhikun Lin,1348,1336,-12,0.45521,0.4469,8
1325,GregoryHao,1349,1350,1,0.45423,0.42952,1
1326,RobotZZZero,1350,1362,12,0.45074,0.4178,2
1327,zombott,1351,1341,-10,0.45051,0.43996,6
1328,Nathan Jaremko,1352,1358,6,0.4505,0.42015,3
1329,Lucas Perret,1353,1349,-4,0.44775,0.43072,41
1330,Rohit Gupta,1354,1364,10,0.44705,0.41489,2
1331,ravichbits,1355,1357,2,0.44601,0.42131,3
1332,fengkai,1356,1354,-2,0.44405,0.42522,2
1333,RyanGoodman,1357,1351,-6,0.44236,0.42844,3
1334,amouseking,1358,1372,14,0.44154,0.40945,29
1335,hiyama,1359,1361,2,0.44043,0.4183,3
1336,alexstaf,1360,1363,3,0.4403,0.41713,5
1337,rbardon,1361,1356,-5,0.44026,0.42273,9
1338,OleM,1362,1371,9,0.43874,0.4099,1
1339,nubatama,1363,1360,-3,0.43766,0.41946,1
1340,arielhal,1364,1378,14,0.43498,0.40277,39
1341,kotata8510,1365,1376,11,0.43427,0.40548,8
1342,Scott Yu Yeung Yiu,1366,1367,1,0.43404,0.41153,17
1343,Omar Masmoudi,1367,1374,7,0.43294,0.40677,3
1344,Crila,1368,1373,5,0.43288,0.40877,19
1345,QuantScientist,1369,1366,-3,0.43046,0.41344,8
1346,Ravi Kumar Vadapalli,1370,1365,-5,0.42899,0.41376,25
1347,Los charruas,1371,1379,8,0.42611,0.40232,4
1348,lizr,1372,1368,-4,0.42605,0.41128,5
1349,ArthMx,1373,1369,-4,0.42572,0.41064,9
1350,Ilya Valyaev,1374,1375,1,0.42513,0.40645,3
1351,ChrisUberti,1375,1389,14,0.42505,0.39606,11
1352,rightOn547,1376,1394,18,0.42433,0.39207,1
1353,Hieu_Phan,1377,1387,10,0.42363,0.39627,28
1354,thebaws,1378,1390,12,0.4229,0.39562,20
1355,WilhelmWedernikow,1379,1370,-9,0.42285,0.41056,1
1356,Wassim Khadim,1380,1388,8,0.42244,0.39607,15
1357,Jie WANG,1381,1382,1,0.42138,0.40017,2
1358,Apple,1382,1391,9,0.42055,0.39389,2
1359,Igor Kotenkov,1383,1377,-6,0.41991,0.40298,3
1360,Norio Horigome,1384,1314,-70,0.41985,0.47317,52
1361,Navneet,1385,1386,1,0.41919,0.39722,1
1362,Pavani Nrusimhadevara,1386,1397,11,0.41809,0.38734,5
1363,Mahesh Bhole,1387,1384,-3,0.41777,0.39839,1
1364,Balram,1388,1381,-7,0.41733,0.40071,11
1365,SimonBlanke,1389,1383,-6,0.41669,0.39844,17
1366,Ashish Kumar,1390,1395,5,0.41567,0.3909,2
1367,hisfu,1391,1385,-6,0.41562,0.39737,1
1368,Ayalamann,1392,1423,31,0.41501,0.36839,26
1369,Sergey Bekkerman,1393,1401,8,0.41482,0.38529,4
1370,MSR,1394,1417,23,0.41424,0.37362,18
1371,super123,1395,1416,21,0.41405,0.37378,10
1372,Eric Li,1396,1399,3,0.41234,0.38642,2
1373,Dmitry Sorokin,1397,1392,-5,0.41219,0.39271,5
1374,Kirill,1398,1409,11,0.41138,0.37843,5
1375,biggy2003211,1399,1411,12,0.41122,0.37738,10
1376,CUDL,1400,1412,12,0.41054,0.37735,18
1377,cnapun,1401,1405,4,0.40887,0.38098,4
1378,vmjersey,1402,1407,5,0.40854,0.37975,54
1379,Wei Meng Soh,1403,1408,5,0.4084,0.37919,42
1380,Lishan Lin,1404,1396,-8,0.40829,0.38749,4
1381,Monkez,1405,1404,-1,0.40571,0.3838,18
1382,Will,1406,1403,-3,0.40397,0.38381,15
1383,Terran Tang,1407,1400,-7,0.40233,0.38585,3
1384,CS435,1408,1420,12,0.40182,0.3715,4
1385,Jaideep,1409,86,-1323,0.4016,0.92353,20
1386,Raghavendra,1410,1398,-12,0.40135,0.38656,15
1387,Ben S,1411,1410,-1,0.40097,0.37774,3
1388,Baseline,1412,1427,15,0.3996,0.36583,12
1389,Sasikanth,1413,1421,8,0.39752,0.37135,3
1390,pushkar,1414,1424,10,0.39659,0.36811,2
1391,Whale Identifier,1415,1402,-13,0.3955,0.38497,25
1392,"Yu, ShangLin",1416,1419,3,0.39526,0.37225,10
1393,Yan Bai,1417,1414,-3,0.3951,0.37561,3
1394,Tanmay Khattar,1418,1430,12,0.39465,0.36308,4
1395,ÊûóÊπßÊ£Æ (Dyson Lin),1419,1413,-6,0.39236,0.37627,2
1396,unkn0wnxx,1420,1422,2,0.39135,0.36847,1
1397,Jonas Matuzas,1421,1415,-6,0.39013,0.37435,6
1398,mayfive,1422,1464,42,0.38939,0.34144,1
1399,Yair Sh,1423,1441,18,0.3881,0.3548,14
1400,Shubhra Aich,1424,1429,5,0.38786,0.36312,5
1401,marii,1425,1442,17,0.38566,0.35444,1
1402,Jos√© Macario,1426,1406,-20,0.38511,0.37991,7
1403,Yingsunwangjian,1427,1440,13,0.3848,0.35614,11
1404,AlexanderUsoltsev,1428,1435,7,0.38262,0.35835,1
1405,DavidXu,1429,1438,9,0.38259,0.35708,4
1406,Quy Nguyen,1430,1431,1,0.38256,0.36114,1
1407,Benjamin Davidson,1431,1425,-6,0.38195,0.36696,1
1408,liuhao0303,1432,1426,-6,0.38117,0.36608,13
1409,Hari Vidharth,1433,1418,-15,0.37957,0.37284,19
1410,rfblue2,1434,1450,16,0.37891,0.34797,2
1411,Cosmin,1435,1433,-2,0.37846,0.35952,5
1412,Hitomi Lan,1436,1439,3,0.37728,0.35626,5
1413,Weii,1437,1428,-9,0.37563,0.36396,5
1414,Vladislav Ostankovich,1438,1436,-2,0.37553,0.35747,1
1415,anupa,1439,1445,6,0.37538,0.34973,9
1416,QuanTran,1440,1444,4,0.37472,0.35088,1
1417,Agade,1441,1446,5,0.37465,0.34966,6
1418,obrien,1442,1437,-5,0.37464,0.35709,6
1419,ThomasLaurent,1443,1443,0,0.3738,0.35102,3
1420,Anaxamander Arkady,1444,1353,-91,0.37373,0.42712,4
1421,Jet Li,1445,1432,-13,0.37288,0.35962,25
1422,lovekey,1446,1434,-12,0.37283,0.35844,2
1423,StSchRo,1447,1447,0,0.37195,0.34865,7
1424,Potter,1448,1454,6,0.37144,0.34689,4
1425,Tony Stark,1449,1474,25,0.37103,0.33475,3
1426,TC,1450,1460,10,0.37002,0.34268,7
1427,AnirudhMurali,1451,1448,-3,0.36867,0.34828,3
1428,James Tan,1452,1449,-3,0.36856,0.34811,2
1429,ManishVerma,1453,1456,3,0.36576,0.34404,2
1430,Iana,1454,1452,-2,0.36529,0.34724,34
1431,wklin8,1455,1462,7,0.36494,0.34211,5
1432,Rachel.Y,1456,1468,12,0.36376,0.33735,1
1433,Peter Chervenski,1457,1470,13,0.36248,0.33715,1
1434,iamforeverme,1458,1453,-5,0.36218,0.34704,3
1435,ljqcn101,1459,1472,13,0.36201,0.33601,5
1436,Andrew Lukyanenko,1460,1455,-5,0.36086,0.34433,19
1437,Zhengzong,1461,1459,-2,0.36082,0.34305,6
1438,sray1234,1462,1451,-11,0.36068,0.34772,9
1439,DropTheSike,1463,1482,19,0.36005,0.33143,4
1440,silverstone,1464,1461,-3,0.35941,0.34215,17
1441,Fletcher Riehl,1465,1475,10,0.35858,0.33452,4
1442,Valera Sarapas,1466,1458,-8,0.35799,0.3433,1
1443,overload10,1467,1480,13,0.35787,0.33318,8
1444,kyrcha,1468,1477,9,0.35655,0.33425,40
1445,Amit Kumar Jaiswal,1469,1481,12,0.35648,0.33249,1
1446,Laurent Boucher,1470,1466,-4,0.35585,0.33994,2
1447,Ganesh Devaraj,1471,1471,0,0.35496,0.33614,2
1448,IFRITSYLPH,1472,1504,32,0.35454,0.32131,6
1449,Devon Kaberna,1473,1473,0,0.35451,0.33503,7
1450,Xudong Li,1474,1463,-11,0.35424,0.34151,4
1451,John Fink,1475,1476,1,0.35241,0.33442,16
1452,Sotiris Koufos,1476,1522,46,0.35227,0.31665,12
1453,cc,1477,1520,43,0.35145,0.31768,1
1454,aorujov,1478,1484,6,0.35081,0.33102,29
1455,Marsh,1479,1469,-10,0.34945,0.33726,4
1456,Phil Butcher,1480,1499,19,0.34926,0.3232,5
1457,fffrrt,1481,1172,-309,0.34897,0.6189,19
1458,Takamune Suda,1482,1485,3,0.34877,0.33031,7
1459,V_Unbeatable,1483,1493,10,0.34863,0.32586,9
1460,EgoJr,1484,1467,-17,0.3485,0.33886,15
1461,yancy,1485,1488,3,0.34835,0.32842,1
1462,AlexanderPozharskii,1486,1490,4,0.34767,0.32816,4
1463,Shikha Agrawal,1487,1489,2,0.34713,0.32841,12
1464,isukharev,1488,1516,28,0.34665,0.31835,2
1465,Ravi Sekar Vijayakumar,1489,1487,-2,0.3464,0.32861,2
1466,shui,1490,1491,1,0.34546,0.32798,11
1467,Swiftee,1491,1486,-5,0.34505,0.32998,2
1468,Orhan Sertkaya,1492,1478,-14,0.34425,0.33413,4
1469,hongming,1493,1457,-36,0.34414,0.3439,2
1470,Spartanrein,1494,1501,7,0.34343,0.32192,2
1471,AWhaleOfATime,1495,1505,10,0.34204,0.32085,17
1472,douglasj,1496,1495,-1,0.34175,0.32531,4
1473,AstaTus,1497,1523,26,0.34137,0.31652,3
1474,Karl,1498,1503,5,0.34082,0.32152,1
1475,Bernd Heidemann,1499,1498,-1,0.33992,0.32371,5
1476,Sungchul Kim,1500,1479,-21,0.33964,0.33343,2
1477,vsharmaiiita,1501,1497,-4,0.3392,0.32375,10
1478,Prratek Ramchandani,1502,1524,22,0.33877,0.31599,1
1479,kraken2309,1503,1517,14,0.33803,0.31828,2
1480,Ayush Katyal,1504,1532,28,0.33794,0.31419,2
1481,Edwin Villanueva,1505,1518,13,0.33683,0.31809,3
1482,Taesung Kim,1506,1511,5,0.33674,0.31926,13
1483,Mark Trovinger,1507,1496,-11,0.33662,0.32379,2
1484,Benjamin Dubreu,1508,1515,7,0.33615,0.31839,2
1485,TBD,1509,1494,-15,0.33577,0.32554,2
1486,Maciej Harbuz,1510,1483,-27,0.33561,0.33123,31
1487,hatze,1511,1514,3,0.33538,0.31881,2
1488,Xiwang,1512,1525,13,0.33537,0.31579,1
1489,Morley Coulson,1513,1500,-13,0.33521,0.32232,5
1490,Joan Capell,1514,1519,5,0.33456,0.31801,5
1491,David Hefetz,1515,1527,12,0.33455,0.31506,15
1492,Nikesh Shrestha,1516,1531,15,0.33455,0.3144,1
1493,Platonov Nickolay,1517,1512,-5,0.33448,0.31925,5
1494,mdklein,1518,1534,16,0.33414,0.31387,2
1495,Digiteum AI team,1519,1510,-9,0.33328,0.31934,18
1496,Josh Mitton,1520,1509,-11,0.33328,0.31956,3
1497,group_Telecom_Kth,1521,1502,-19,0.33225,0.32191,10
1498,kulbir5727,1522,1513,-9,0.33202,0.31909,1
1499,SwordOfRedMagi,1523,1507,-16,0.33143,0.32044,5
1500,Miguel Rodriguez,1524,1536,12,0.33072,0.31134,3
1501,Emiliya,1525,1506,-19,0.33009,0.32079,25
1502,Peng Bao,1526,1578,52,0.3292,0.29974,1
1503,abee82,1527,1544,17,0.32884,0.30797,1
1504,fellowshipnyc,1528,1530,2,0.32779,0.31441,3
1505,Tobias R√∂ding,1529,1546,17,0.32759,0.30684,1
1506,Yuan Ping,1530,1508,-22,0.32734,0.31981,3
1507,Ben Walsh,1531,1528,-3,0.32722,0.31485,6
1508,lion86,1532,1535,3,0.32682,0.3138,27
1509,Shohrukh Bekmirzaev,1533,1542,9,0.32673,0.30836,1
1510,Harshal Shinde,1534,1541,7,0.32673,0.30836,4
1511,Sorbonne University (Master 2 BIM-Info),1535,1533,-2,0.32664,0.31415,24
1512,ponti_vecchio,1536,1540,4,0.32608,0.30878,18
1513,Chris Morris,1537,1548,11,0.32569,0.30602,4
1514,Damian,1538,1543,5,0.32562,0.30811,3
1515,nannau,1539,1562,23,0.32517,0.30332,1
1516,mindwurm,1540,1545,5,0.32513,0.30726,15
1517,Vadiraj,1541,1567,26,0.3239,0.30268,1
1518,Lukasz Nalewajko,1542,1565,23,0.32332,0.30308,7
1519,Hiromichi NOMATA,1543,1558,15,0.32259,0.30406,2
1520,Clueless_bachu,1544,1549,5,0.32229,0.30592,13
1521,DevilEars,1545,1526,-19,0.3221,0.31574,16
1522,Chengxi,1546,1571,25,0.32182,0.30087,1
1523,Gianluca Rossi,1547,1574,27,0.32126,0.30043,5
1524,Yuhan Cao,1548,1555,7,0.32107,0.30474,4
1525,Saurabh Gothi,1549,1577,28,0.32098,0.2999,2
1526,Felix B Muc,1550,1553,3,0.32091,0.30543,2
1527,taru tak,1551,1568,17,0.32075,0.30136,1
1528,ÂàòÊñá,1552,1537,-15,0.32069,0.31049,2
1529,Sean Mullen,1553,1585,32,0.32059,0.29811,1
1530,Kostiantyn Isaienkov,1554,1556,2,0.32012,0.30472,1
1531,Jon Macpherson,1556,1465,-91,0.31993,0.34025,16
1532,Josh York,1557,1557,0,0.31982,0.30443,1
1533,Parks38324,1558,1564,6,0.31973,0.3032,2
1534,NineRui,1559,1539,-20,0.31951,0.30931,2
1535,Viswajith,1560,1551,-9,0.31924,0.30581,9
1536,Kilian87,1561,1554,-7,0.31884,0.30498,5
1537,Mikalai Rahachou,1562,1380,-182,0.31855,0.40108,5
1538,sarmat,1563,1559,-4,0.31846,0.30379,7
1539,Ibkndl,1564,1547,-17,0.31757,0.30631,5
1540,hhhh,1565,1579,14,0.31734,0.29971,5
1541,Anil C R,1566,1599,33,0.31715,0.29517,1
1542,JonasN94,1567,1563,-4,0.31658,0.3033,5
1543,ltd,1568,1550,-18,0.31655,0.30588,2
1544,KMAI_MATRIX,1569,1588,19,0.31643,0.29785,6
1545,s shimizu,1570,1566,-4,0.31587,0.30299,16
1546,Lovre,1571,1575,4,0.31571,0.30027,13
1547,Pat69Maze,1572,1560,-12,0.31545,0.30368,2
1548,zhaoyun0071,1573,1538,-35,0.31543,0.31046,16
1549,miko,1574,1570,-4,0.31481,0.30097,8
1550,XiaomaGuohe,1575,1586,11,0.3147,0.29809,2
1551,FanZhang,1576,1552,-24,0.31344,0.30549,11
1552,Kamelstats,1577,1583,6,0.31337,0.29882,4
1553,Markov,1578,1643,65,0.31328,0.2901,5
1554,HanYiKun,1579,1592,13,0.31285,0.29702,2
1555,Gredikindon,1580,1582,2,0.31244,0.29891,2
1556,ShaunO,1581,1572,-9,0.31232,0.30069,10
1557,Mochasanani,1582,1639,57,0.31176,0.29061,1
1558,Mostafa Mokhles,1583,1636,53,0.3113,0.29088,4
1559,Jason Terry,1584,1590,6,0.31114,0.29759,3
1560,trollknurr,1585,1580,-5,0.31113,0.29967,6
1561,wangweijie,1586,1529,-57,0.3111,0.31454,2
1562,Echo,1587,1569,-18,0.31108,0.30114,16
1563,Jonathan Di Cosmo,1589,1587,-2,0.31004,0.29796,6
1564,Stan Sidel,1590,1677,87,0.31003,0.28453,1
1565,sweater,1591,1584,-7,0.30978,0.29871,3
1566,Ravi Sheoran,1592,1597,5,0.30966,0.29603,21
1567,Dominik Reichinger,1593,1593,0,0.3092,0.29689,1
1568,c.ken,1594,1596,2,0.30903,0.29606,6
1569,MeeMee,1595,1492,-103,0.30874,0.32656,130
1570,DanLester,1596,1615,19,0.30859,0.29255,5
1571,pakman24,1597,1589,-8,0.30842,0.29781,11
1572,LastRocky,1598,1638,40,0.30822,0.29072,1
1573,Atitlan,1599,1601,2,0.30783,0.29476,10
1574,Mohit Bansal,1600,1591,-9,0.30781,0.29708,8
1575,Duc Do,1601,1594,-7,0.30767,0.29656,1
1576,Mafalda,1602,1581,-21,0.30766,0.29901,8
1577,Giang Truong,1603,1660,57,0.30742,0.28807,1
1578,Anand Thirwani,1605,1606,1,0.30728,0.29387,6
1579,Diogo,1606,1604,-2,0.30716,0.29427,1
1580,pvk3,1607,1675,68,0.30715,0.28525,16
1581,Rohit Patil,1608,1630,22,0.30668,0.2912,1
1582,Krisztian,1609,1655,46,0.30664,0.28892,3
1583,Fizpok,1610,1603,-7,0.30654,0.29445,32
1584,Geeogham,1611,1573,-38,0.30651,0.30065,3
1585,No_one,1612,1595,-17,0.30647,0.29626,2
1586,DLTKL,1613,1622,9,0.30644,0.29183,4
1587,Nicolas Bernasconi,1614,1621,7,0.30639,0.29208,16
1588,eternalJK,1615,1632,17,0.30637,0.2911,16
1589,Ruixin Xu,1616,1614,-2,0.30623,0.29279,1
1590,David Boy,1617,1693,76,0.30602,0.28263,1
1591,Gouichi Akahoshi,1618,1610,-8,0.30568,0.29326,9
1592,Hohobro,1619,1598,-21,0.30564,0.29598,2
1593,natsumechan,1620,1626,6,0.30557,0.29138,1
1594,kyotsuka,1621,1609,-12,0.30548,0.29328,1
1595,ulcoffee,1622,1627,5,0.30529,0.29127,10
1596,Zeng Kai,1623,1623,0,0.30528,0.29181,2
1597,Taras Petrytsyn,1624,1642,18,0.30526,0.29029,1
1598,Sani Kamal,1625,1653,28,0.30508,0.28903,1
1599,xwStudyAI,1626,1607,-19,0.30508,0.29341,2
1600,Danielle Simmons,1627,1618,-9,0.30488,0.29233,2
1601,folal537,1628,1611,-17,0.30483,0.29322,4
1602,Tiems,1629,1620,-9,0.30469,0.29222,1
1603,Sohail Rajabi,1630,1619,-11,0.30461,0.29224,1
1604,Rowa,1631,1608,-23,0.30457,0.29331,1
1605,e8ac6b,1632,1613,-19,0.30449,0.29286,1
1606,Alex Nixi,1633,1605,-28,0.30448,0.29413,11
1607,Mathine,1634,1637,3,0.30445,0.29079,1
1608,Naruhiko Nakanishi,1635,1624,-11,0.30426,0.29161,28
1609,Sushruth,1636,1617,-19,0.30422,0.29239,1
1610,DreamTeam,1637,1656,19,0.30416,0.28878,1
1611,Daddara,1638,1646,8,0.30411,0.2898,2
1612,Bj√∂rn,1639,1641,2,0.30407,0.29044,2
1613,NCHU-5106056019,1640,1616,-24,0.30395,0.29253,1
1614,ÊàëÊòØËèúÈ∏ü,1641,1644,3,0.30386,0.29002,15
1615,EvanHurleyO'Dwyer,1642,1635,-7,0.30384,0.2909,2
1616,Atarime,1643,1629,-14,0.3038,0.29121,1
1617,Auto Fish,1644,1602,-42,0.30379,0.29448,1
1618,Mayank,1645,1651,6,0.30379,0.28933,2
1619,Eseshinpu,1646,1650,4,0.30372,0.28939,2
1620,Playwithme,1647,1612,-35,0.30371,0.29295,2
1621,limchaos,1648,1683,35,0.30357,0.2833,2
1622,xuhai,1649,1628,-21,0.30352,0.29125,2
1623,YogeshChandra,1650,1645,-5,0.30327,0.29,2
1624,kaike,1651,1659,8,0.30303,0.28849,6
1625,Vignesh Prabhu,1652,1654,2,0.30284,0.28901,1
1626,Yang Jin,1653,1631,-22,0.30268,0.29117,3
1627,EAbdsmd,1654,942,-712,0.30263,0.82297,4
1628,liyuanjie,1655,1665,10,0.30262,0.2875,3
1629,Anup Mandvariya,1656,1625,-31,0.30245,0.29159,1
1630,Tim Aris,1657,1640,-17,0.3024,0.29046,1
1631,Yasutaka Shinzaki,1658,1657,-1,0.30225,0.28855,1
1632,Whale Hunter,1659,1634,-25,0.30225,0.29092,6
1633,Minh Vo,1661,1672,11,0.30214,0.2853,1
1634,Hidekazu Iida,1662,1633,-29,0.3021,0.29099,7
1635,stoquet,1663,1647,-16,0.30204,0.28944,4
1636,Alexander Merdian-Tarko,1664,1652,-12,0.30198,0.28912,1
1637,Eddyble,1665,1681,16,0.30162,0.28369,5
1638,alelafe,1666,1649,-17,0.30145,0.28942,3
1639,AnkurJain,1667,1664,-3,0.30136,0.2875,1
1640,Rajesh,1668,1663,-5,0.30136,0.2875,1
1641,shimaken,1669,1669,0,0.30092,0.28618,1
1642,simon0204,1670,1667,-3,0.30076,0.28699,12
1643,Rijo John,1671,1662,-9,0.30066,0.28779,1
1644,paulreiners,1672,1670,-2,0.30036,0.28583,23
1645,ShoNaga,1673,1666,-7,0.29989,0.28733,4
1646,Shunichi Kikuchi,1674,1673,-1,0.29982,0.28529,2
1647,NielsDonders,1675,1702,27,0.29961,0.28162,2
1648,Phil,1676,1648,-28,0.29954,0.28943,30
1649,pipyton,1677,1695,18,0.29943,0.28237,2
1650,Jamie Han,1678,1679,1,0.29939,0.28384,2
1651,redMaple,1679,1668,-11,0.29909,0.28631,3
1652,Mickael BOUSKILA,1680,1676,-4,0.29859,0.28499,18
1653,Wesley123123,1681,1671,-10,0.29855,0.28534,1
1654,Ogata Hidehiro,1682,1685,3,0.29839,0.2831,2
1655,Utkarsh,1683,1686,3,0.29817,0.28306,1
1656,Bruce,1685,1658,-27,0.29795,0.28854,1
1657,zhangpx,1686,1678,-8,0.29778,0.28442,1
1658,Weizhi Zhu,1687,1983,296,0.29754,0.27458,11
1659,Mamy Ratsimbazafy,1688,1674,-14,0.2974,0.28528,6
1660,VictorShepardson,1689,1688,-1,0.2971,0.28299,4
1661,YWWY,1690,1719,29,0.29675,0.28062,3
1662,J. K. Chae,1691,1697,6,0.29673,0.28203,7
1663,ZQ Mu,1692,1735,43,0.29661,0.27883,3
1664,Axel-ChristianGu√©i,1693,1709,16,0.29651,0.28123,2
1665,Adilbek,1694,1692,-2,0.29649,0.28272,11
1666,Mi≈Çosz Michta,1695,1778,83,0.29647,0.27758,9
1667,Diego J. Romero-L√≥pez,1696,1720,24,0.29641,0.28061,17
1668,lei zhang,1697,1710,13,0.29631,0.28121,1
1669,KMIT,1699,1717,18,0.29627,0.28073,1
1670,hoiden,1700,1706,6,0.29618,0.28138,8
1671,Chris McCulloh,1701,1714,13,0.29618,0.28086,1
1672,Mack G,1702,1661,-41,0.29616,0.28789,1
1673,Andrew,1703,1691,-12,0.29615,0.28275,5
1674,Moonl0rd,1704,1721,17,0.29574,0.28025,3
1675,kaiden wang,1705,1726,21,0.29574,0.27946,3
1676,Andrei Vetrov,1706,1712,6,0.29562,0.28112,1
1677,Abhi Goswami,1707,1715,8,0.29549,0.28085,4
1678,Benjamin Sautermeister,1708,1684,-24,0.29541,0.28312,5
1679,sliew,1709,1680,-29,0.29526,0.2838,2
1680,grerger,1710,1699,-11,0.29524,0.28192,2
1681,Bayarma Zanaeva,1711,1910,199,0.29522,0.27693,2
1682,sl02,1712,1716,4,0.29496,0.28078,9
1683,guxi,1713,1708,-5,0.2949,0.28124,1
1684,zephyr,1714,1705,-9,0.29483,0.28145,14
1685,Li_peng_hui,1715,1687,-28,0.29457,0.28305,1
1686,Humpback Whale,1716,1703,-13,0.29454,0.28154,1
1687,MatthewArthur,1717,1713,-4,0.29444,0.28105,4
1688,dishen,1718,1698,-20,0.29431,0.28202,13
1689,Ramesh Undralla,1719,1711,-8,0.29415,0.28117,1
1690,Alex P,1720,1689,-31,0.29387,0.2829,4
1691,Tatiana S,1721,1722,1,0.29384,0.28021,1
1692,laofu,1722,1718,-4,0.29381,0.28067,6
1693,HulkBulk,1723,1736,13,0.29378,0.27878,3
1694,JPI123,1724,1700,-24,0.29375,0.28172,8
1695,Nikhil Tomar,1725,1704,-21,0.29353,0.28147,3
1696,__ËßÇÊÉ≥ÂéÖ__,1726,1723,-3,0.29342,0.27993,2
1697,Kosuke Tsurumi,1727,1731,4,0.2934,0.27906,2
1698,Sam Stainsby,1728,1696,-32,0.29338,0.28213,24
1699,Chris Layton,1729,1707,-22,0.29325,0.28134,16
1700,Vivek Sharma,1730,1730,0,0.29324,0.27917,1
1701,Brad Bolliger,1731,1743,12,0.29322,0.27852,8
1702,blue,1732,1750,18,0.29318,0.27844,24
1703,ÊûÅÂú∞ÊúçÊºèÂ±ÅËÇ°,1733,1729,-4,0.29317,0.27917,1
1704,kaushikrangarajan,1734,1728,-6,0.29298,0.27934,5
1705,Choi,1735,1725,-10,0.29297,0.27972,7
1706,Dheshan Mohandass,1736,1733,-3,0.2928,0.27885,2
1707,AmbiguousError,1737,1776,39,0.29275,0.2776,4
1708,Alexandr Osherov,1738,1755,17,0.29274,0.27822,21
1709,nishidadaishiro,1739,1773,34,0.29274,0.27777,12
1710,XXing,1740,1734,-6,0.29272,0.27883,1
1711,Neosperience,1741,1752,11,0.29272,0.27834,6
1712,Kseniia Palin,1742,1724,-18,0.2927,0.27972,7
1713,Daniel Justus,1743,1764,21,0.29268,0.27808,3
1714,Stephen Moore,1744,1732,-12,0.29268,0.27903,2
1715,Suman Ghosh,1747,1760,13,0.2926,0.27811,12
1716,Ë∞¢Êµ∑Êµ∑Êµ∑,1746,1738,-8,0.2926,0.27866,2
1717,anil kumar,1748,1746,-2,0.29259,0.27851,2
1718,eitate,1749,1748,-1,0.29258,0.27848,1
1719,Yohho,1750,1753,3,0.29253,0.27827,1
1720,KYKong,1751,1745,-6,0.29253,0.27852,2
1721,Paul Santonastaso,1752,1777,25,0.2925,0.27759,2
1722,uc_humpback,1753,1737,-16,0.29248,0.27876,1
1723,Pablo Leo,1754,1742,-12,0.29233,0.27853,2
1724,Chanhu,1755,1751,-4,0.29225,0.27835,12
1725,asdasd,1756,1864,108,0.29213,0.27746,6
1726,Paul,1757,1901,144,0.2921,0.27716,2
1727,Bhumit Adivarekar,1758,1903,145,0.29205,0.27702,1
1728,AI-Team,1761,1798,37,0.29202,0.27746,4
1729,Humpback,1762,1900,138,0.29202,0.27718,4
1730,ihsane elalaiki,1760,1898,138,0.29202,0.27721,7
1731,JustAnotherDLnoob,1759,1886,127,0.29202,0.27742,2
1732,ziqiangpan,1763,1770,7,0.292,0.27777,2
1733,TUNG YUNG,1820,1840,20,0.29198,0.27746,1
1734,Yongsheng Pan,1844,1851,7,0.29198,0.27746,5
1735,Adrien Brogniet,1843,1779,-64,0.29198,0.27758,1
1736,Alexey Gavrikov,1842,1885,43,0.29198,0.27746,1
1737,"Whale Whale Whale, what do we have here",1841,1796,-45,0.29198,0.27746,2
1738,Shaun Spinelli,1840,1837,-3,0.29198,0.27746,1
1739,vinchileo,1839,1793,-46,0.29198,0.27746,1
1740,Shivam Saxena,1838,1839,1,0.29198,0.27746,1
1741,Xinyao,1837,1794,-43,0.29198,0.27746,1
1742,Nastika Vidwan,1836,1791,-45,0.29198,0.27746,4
1743,DragonX,1835,1834,-1,0.29198,0.27746,1
1744,Xiong Haiquan,1834,1784,-50,0.29198,0.27746,1
1745,Vadim,1833,1782,-51,0.29198,0.27746,1
1746,soochangPark,1845,1788,-57,0.29198,0.27746,1
1747,Abroo Jalil,1831,1821,-10,0.29198,0.27746,1
1748,redbear,1830,1812,-18,0.29198,0.27746,2
1749,Khayyon,1829,1802,-27,0.29198,0.27746,1
1750,KillerWhaleFinders,1828,1801,-27,0.29198,0.27746,3
1751,Have a Try,1826,1862,36,0.29198,0.27746,2
1752,Paulina Knut,1825,1825,0,0.29198,0.27746,1
1753,Jason Liu,1824,1787,-37,0.29198,0.27746,4
1754,Popova Anastasiia,1823,1866,43,0.29198,0.27746,4
1755,moikilo00,1822,1875,53,0.29198,0.27746,2
1756,[ods.ai] Alexey Voytsekhovskiy,1821,1856,35,0.29198,0.27746,1
1757,ALOUI Amine,1832,921,-911,0.29198,0.82297,6
1758,Coder,1847,1859,12,0.29198,0.27746,2
1759,SVJ24,1846,1829,-17,0.29198,0.27746,3
1760,Jakrin Juangbhanich,1848,1785,-63,0.29198,0.27746,4
1761,KMAI_sum99,1871,1805,-66,0.29198,0.27746,1
1762,SiNpcw,1870,1844,-26,0.29198,0.27746,2
1763,(KMAI_BEST),1869,1883,14,0.29198,0.27746,1
1764,SEU_HY,1868,1828,-40,0.29198,0.27746,1
1765,RuipengWang,1867,1858,-9,0.29198,0.27746,2
1766,taraspiotr,1866,1868,2,0.29198,0.27746,1
1767,Mir Mustafa Ali,1865,1824,-41,0.29198,0.27746,1
1768,theodoros konstantinou,1818,1878,60,0.29198,0.27746,1
1769,E.P.K,1863,1855,-8,0.29198,0.27746,1
1770,Gal Peled,1862,1872,10,0.29198,0.27746,1
1771,conleykong,1861,1789,-72,0.29198,0.27746,1
1772,wangshujie,1860,1853,-7,0.29198,0.27746,1
1773,JeniaG,1859,1822,-37,0.29198,0.27746,11
1774,JakeJHansen,1858,1393,-465,0.29198,0.39222,1
1775,LF_1227,1857,1797,-60,0.29198,0.27746,1
1776,XavR,1856,1808,-48,0.29198,0.27746,1
1777,Rajkiran Gaddati,1855,1869,14,0.29198,0.27746,3
1778,choyongchae,1854,1783,-71,0.29198,0.27746,6
1779,anhbt,1853,1871,18,0.29198,0.27746,1
1780,Simeon Trieu,1852,1846,-6,0.29198,0.27746,1
1781,Zhuonan Lin,1851,1830,-21,0.29198,0.27746,1
1782,vicky,1850,1845,-5,0.29198,0.27746,1
1783,KMAI_JGL,1849,1809,-40,0.29198,0.27746,4
1784,RichardBJ,1819,1876,57,0.29198,0.27746,3
1785,Bharat,1864,1795,-69,0.29198,0.27746,1
1786,maxdeep,1817,1833,16,0.29198,0.27746,1
1787,YouMing,1777,1860,83,0.29198,0.27746,4
1788,Alleria,1788,1842,54,0.29198,0.27746,1
1789,THU_Gzq,1787,1847,60,0.29198,0.27746,1
1790,Whale stalkers,1786,1880,94,0.29198,0.27746,1
1791,AntoinePointeau,1785,1881,96,0.29198,0.27746,1
1792,Artem Vasilev,1784,1819,35,0.29198,0.27746,1
1793,Nemonameless,1783,1790,7,0.29198,0.27746,1
1794,Fa1con,1782,1877,95,0.29198,0.27746,2
1795,Korokhov Andrey,1816,1799,-17,0.29198,0.27746,1
1796,Jess Tao,1780,1820,40,0.29198,0.27746,4
1797,ÁßëÊäÄÊ•ºÁ¨¨‰∏ÄÂùë,1779,1803,24,0.29198,0.27746,1
1798,XiaofeiYin,1778,1811,33,0.29198,0.27746,1
1799,PhillipChin,1776,1863,87,0.29198,0.27746,7
1800,JianYiJi,1790,1816,26,0.29198,0.27746,2
1801,minghigh,1775,1882,107,0.29198,0.27746,1
1802,Romi,1774,1114,-660,0.29198,0.68967,1
1803,dhar,1773,1814,41,0.29198,0.27746,5
1804,datafun,1772,1817,45,0.29198,0.27746,1
1805,Alexander Veysov,1771,1867,96,0.29198,0.27746,17
1806,Tom Sullivan,1770,1827,57,0.29198,0.27746,4
1807,mimran,1769,1884,115,0.29198,0.27746,1
1808,Renze Struiksma,1768,1874,106,0.29198,0.27746,2
1809,Jeffrey Kotula,1767,1810,43,0.29198,0.27746,51
1810,Soslan Tabuev,1766,1850,84,0.29198,0.27746,1
1811,Beans,1764,1804,40,0.29198,0.27746,2
1812,Anton Morkovkin,1789,1861,72,0.29198,0.27746,1
1813,MR Kombucha,1781,1806,25,0.29198,0.27746,1
1814,DHTT,1791,1870,79,0.29198,0.27746,5
1815,VinayTripathi,1804,1823,19,0.29198,0.27746,3
1816,weiping,1815,1849,34,0.29198,0.27746,1
1817,Abhishek Kumar Singh,1814,1818,4,0.29198,0.27746,1
1818,achmad syaiful,1792,1879,87,0.29198,0.27746,1
1819,G√∂r√∂g M√°rton,1812,1865,53,0.29198,0.27746,1
1820,Deng Pan,1811,1848,37,0.29198,0.27746,1
1821,HarshVardhan,1810,595,-1215,0.29198,0.85538,1
1822,BA,1809,1800,-9,0.29198,0.27746,1
1823,dowdyg1,1808,1813,5,0.29198,0.27746,1
1824,orle,1807,1763,-44,0.29198,0.27809,13
1825,Citrecimon,1806,1826,20,0.29198,0.27746,2
1826,Sulbha,1805,1854,49,0.29198,0.27746,1
1827,Anna Strakovskaya,1813,1831,18,0.29198,0.27746,1
1828,ShwetaBaranwal,1803,1843,40,0.29198,0.27746,7
1829,TheRedArrow,1802,1832,30,0.29198,0.27746,1
1830,Michael Sanchez,1801,1815,14,0.29198,0.27746,1
1831,makolon,1800,1836,36,0.29198,0.27746,1
1832,mik3ydll,1799,1857,58,0.29198,0.27746,5
1833,Aakansh,1798,1807,9,0.29198,0.27746,2
1834,Florens de Wit,1797,1873,76,0.29198,0.27746,1
1835,Shobana Athiappan,1796,1841,45,0.29198,0.27746,1
1836,Dovydas Ceilutka,1795,1835,40,0.29198,0.27746,2
1837,"James P. Howard, II",1794,1792,-2,0.29198,0.27746,1
1838,magic,1793,1838,45,0.29198,0.27746,2
1839,arth,1872,1761,-111,0.29195,0.27811,14
1840,deep iblis,1873,1762,-111,0.29193,0.27809,9
1841,Peter Salveson,1874,1889,15,0.29193,0.27737,2
1842,Alexander Bersenev,1876,1741,-135,0.29192,0.27855,9
1843,lululu,1875,1767,-108,0.29192,0.27787,5
1844,Ayush Shirsat,1878,1765,-113,0.29184,0.27788,2
1845,vibhanshusharma,1879,1769,-110,0.29184,0.27783,1
1846,√ÅsmundurGu√∞j√≥nsson,1880,1775,-105,0.29183,0.27764,8
1847,#OnePiece,1881,1887,6,0.29183,0.2774,2
1848,B1tfl1p,1882,1759,-123,0.2918,0.27813,4
1849,gourab12analyst,1883,1771,-112,0.2918,0.27777,5
1850,Muhammad Arslan,1884,1757,-127,0.29175,0.2782,4
1851,Bo Peng,1885,1888,3,0.29173,0.27739,1
1852,Alexis Manin,1886,1766,-120,0.29171,0.27787,5
1853,huangjinlei,1887,1852,-35,0.2917,0.27746,1
1854,Vladislav Sineglazov,1888,1890,2,0.29169,0.27736,1
1855,WhaleObserver,1889,1740,-149,0.29167,0.27856,17
1856,Searcher Liu,1890,1747,-143,0.29167,0.2785,1
1857,Ilya Levinson,1891,1744,-147,0.29166,0.27852,12
1858,BringMyWeb,1892,1756,-136,0.29165,0.2782,1
1859,Alfonso E. Romero,1893,1768,-125,0.29164,0.27784,3
1860,Ranojoy Barua,1894,1891,-3,0.29164,0.27734,5
1861,ThiagoBfim,1895,1896,1,0.29163,0.27724,2
1862,Luis Paarup,1896,1917,21,0.29161,0.27682,8
1863,MTH343,1897,1758,-139,0.29158,0.2782,2
1864,TechSquad,1898,1118,-780,0.29149,0.68579,8
1865,–ê–Ω–¥—Ä–æ–Ω–∏–∫ –í–ª–∞–¥–∏—Å–ª–∞–≤ –ü–∞–≤–ª–æ–≤–∏—á,1899,1754,-145,0.29148,0.27824,11
1866,mali2222795,1900,1727,-173,0.29148,0.27943,4
1867,benwoniu,1901,1913,12,0.29145,0.27684,1
1868,Ohad,1902,1781,-121,0.29144,0.27755,5
1869,Terrance Allen Whitehurst,1903,1897,-6,0.29143,0.27723,1
1870,KMAI_JH,1904,1701,-203,0.29139,0.28168,4
1871,Yolanda,1905,1908,3,0.29139,0.27693,3
1872,VSP-Â§ßÈØ®È≠ö,1906,1774,-132,0.29139,0.27767,13
1873,slayellow,1907,1772,-135,0.29139,0.27777,4
1874,Ceric Silver,1909,1986,77,0.29134,0.27288,4
1875,jonbill83,1910,1521,-389,0.2913,0.31751,10
1876,Sirelkhatim,1911,1904,-7,0.29128,0.27698,1
1877,Abilash Nair,1912,1893,-19,0.29124,0.2773,7
1878,Sheri,1913,1915,2,0.29116,0.27682,1
1879,Abeer Elbehery,1914,1892,-22,0.29113,0.2773,6
1880,gd1900,1915,1899,-16,0.2911,0.27719,2
1881,Alexei,1916,1902,-14,0.29105,0.27705,5
1882,mnne_,1917,1749,-168,0.29105,0.27846,7
1883,KMAI_nuun,1918,1895,-23,0.29104,0.27724,1
1884,Masataka YOKOTA,1919,1906,-13,0.29095,0.27693,2
1885,soywu,1920,1911,-9,0.29095,0.27693,3
1886,emand2pac,1921,1930,9,0.29094,0.27661,1
1887,LL CC,1922,1682,-240,0.29094,0.28331,1
1888,sungminlee,1923,1914,-9,0.29092,0.27682,1
1889,samarth,1924,1931,7,0.29091,0.27661,4
1890,evonet,1925,1932,7,0.29089,0.27661,1
1891,Isheunesu Tembo,1926,1925,-1,0.29082,0.27679,16
1892,zpf7777777,1927,1919,-8,0.29082,0.27679,1
1893,Brice Yokoyama,1928,1905,-23,0.29082,0.27697,2
1894,NchuBigDataWang,1929,1928,-1,0.29081,0.27672,9
1895,Make love not sushi,1933,1920,-13,0.29073,0.27679,1
1896,WubinSheng,1935,1922,-13,0.29073,0.27679,1
1897,Navin Chandan,1934,1918,-16,0.29073,0.27679,4
1898,superdy,1930,1921,-9,0.29073,0.27679,1
1899,Q_tej,1932,1923,-9,0.29073,0.27679,1
1900,Victor Sung,1931,1924,-7,0.29073,0.27679,5
1901,Dan Ah Tou,1936,1953,17,0.29063,0.27629,4
1902,tjswap,1937,1916,-21,0.29063,0.27682,6
1903,Scott,1938,1936,-2,0.29062,0.27651,1
1904,Alessio Borgheresi,1939,1933,-6,0.29061,0.27661,3
1905,Circle,1940,1941,1,0.29058,0.27642,6
1906,Kocha,1941,1957,16,0.29056,0.27629,2
1907,Panagiotis Kyriakou,1943,1894,-49,0.29056,0.27727,7
1908,AissamBerrahou,1944,1947,3,0.29055,0.27629,3
1909,Jasz,1945,1929,-16,0.29052,0.27663,3
1910,wxxcn,1946,1940,-6,0.29051,0.27642,1
1911,Prakhar Sinha,1947,1958,11,0.29051,0.27629,2
1912,EgorTimofeev,1948,1937,-11,0.2905,0.27651,5
1913,Arret Vice,1949,1939,-10,0.29049,0.27645,3
1914,Mirochi,1950,1934,-16,0.29049,0.27658,1
1915,Amrit Purshotam,1951,1968,17,0.29047,0.27629,1
1916,ËíπËë≠,1952,1938,-14,0.29046,0.27645,4
1917,stgzr,1953,1912,-41,0.29044,0.2769,1
1918,mogen,1954,1927,-27,0.29044,0.27674,3
1919,abtExp,1955,1926,-29,0.29041,0.27677,1
1920,‰ººÈ∏ΩÊùÄÊâã,1982,1949,-33,0.29034,0.27629,3
1921,Alvin Ai,1981,1961,-20,0.29034,0.27629,1
1922,Avinash,1980,1960,-20,0.29034,0.27629,1
1923,sumitkumar,1979,1967,-12,0.29034,0.27629,4
1924,GermanVB,1970,1943,-27,0.29034,0.27629,16
1925,Uday Kumar Gurugubelli,1977,1907,-70,0.29034,0.27693,16
1926,cmnn_jiang,1976,1969,-7,0.29034,0.27629,1
1927,wyd20100102,1975,1951,-24,0.29034,0.27629,6
1928,Suspext,1973,1956,-17,0.29034,0.27629,1
1929,Nirvedh,1972,1942,-30,0.29034,0.27629,1
1930,Aleksey Nozdryn-Plotnicki,1971,1946,-25,0.29034,0.27629,1
1931,schiavoni,1978,1909,-69,0.29034,0.27693,2
1932,Appian,1968,1966,-2,0.29034,0.27629,5
1933,Ahmed Safwat,1961,1948,-13,0.29034,0.27629,1
1934,data47,1956,1952,-4,0.29034,0.27629,6
1935,Tatiana Shkuro,1967,1955,-12,0.29034,0.27629,2
1936,Vincent Thibault,1959,1945,-14,0.29034,0.27629,1
1937,csd_,1960,1964,4,0.29034,0.27629,26
1938,AIchemist,1957,1970,13,0.29034,0.27629,6
1939,Ol√°h M√°ty√°s,1962,1962,0,0.29034,0.27629,3
1940,hujie,1963,1944,-19,0.29034,0.27629,2
1941,Xavier Weber,1964,1959,-5,0.29034,0.27629,2
1942,Buzz P,1965,1950,-15,0.29034,0.27629,7
1943,Ilya Plemian,1966,1965,-1,0.29034,0.27629,1
1944,Gidi Shperber,1983,1980,-3,0.29024,0.27482,4
1945,Mohamed Elshazly,1984,1977,-7,0.29021,0.27503,5
1946,longhaoyu*,1985,1780,-205,0.29017,0.27756,1
1947,Tobias Teleman,1986,1976,-10,0.28999,0.27566,1
1948,TrongNghia,1987,1982,-5,0.28976,0.2747,1
1949,Saketh Katari,1988,1975,-13,0.28947,0.27566,1
1950,Laurence,1989,1972,-17,0.28893,0.27577,2
1951,20132885sts,1990,1979,-11,0.28889,0.27482,1
1952,datafactory,1991,1984,-7,0.28886,0.27408,1
1953,Himal,1992,1973,-19,0.2886,0.27566,1
1954,MayankSatnalika,1993,1974,-19,0.28825,0.27566,1
1955,Michael Streinz,1994,1981,-13,0.28819,0.27471,1
1956,Mahmoud Sherif,1995,1694,-301,0.2881,0.28259,8
1957,Thorin&Company,1996,1985,-11,0.28668,0.27376,17
1958,etrabelsi,1997,1987,-10,0.28647,0.27204,6
1959,omarsamir,1998,1988,-10,0.28633,0.27143,3
1960,Jason Carpenter,1999,1989,-10,0.28626,0.27088,2
1961,Kyle G Sherman,2000,1978,-22,0.28598,0.27503,9
1962,Nnle,2001,1971,-30,0.28581,0.27597,1
1963,vadymg,2002,1994,-8,0.28529,0.26679,16
1964,io569417668,2003,1990,-13,0.28247,0.27012,4
1965,Renqiang,2004,1992,-12,0.28241,0.26762,1
1966,f_c_g_,2005,1995,-10,0.2815,0.26552,1
1967,BigQQ,2006,2003,-3,0.28107,0.26,1
1968,MD,2007,2000,-7,0.27806,0.26294,3
1969,Rmihir96,2008,1996,-12,0.27779,0.26425,3
1970,Behcet Senturk,2009,2001,-8,0.27605,0.26188,1
1971,suvorr,2010,1993,-17,0.27588,0.26742,18
1972,Yahia Khalid,2011,2004,-7,0.27212,0.25918,1
1973,Rustembek,2012,1998,-14,0.27152,0.26299,1
1974,Yuo Han Lee,2013,2002,-11,0.2705,0.26037,1
1975,Smit Kiri,2014,1991,-23,0.2702,0.26905,1
1976,MichalOndrej√°≈°,2015,2005,-10,0.2677,0.25872,5
1977,Joydeb Mondal,2016,1999,-17,0.26229,0.26295,4
1978,Sidhant Sharma,2017,2012,-5,0.25932,0.23879,1
1979,ihatasi,2018,2007,-11,0.25809,0.24866,13
1980,shago,2019,2009,-10,0.25217,0.24524,2
1981,Jos√© Fern√°ndez Portal,2020,2006,-14,0.25196,0.25255,1
1982,Vanessa Martins,2021,2013,-8,0.25158,0.23738,3
1983,NaNaoi,2022,2008,-14,0.24933,0.24598,1
1984,yugalahir,2023,2015,-8,0.24361,0.23422,1
1985,Arjun Chandra,2024,2016,-8,0.24296,0.23384,3
1986,robin eg,2025,2018,-7,0.23993,0.23019,11
1987,Trevor,2026,2010,-16,0.23987,0.24209,1
1988,HalonQ,2027,2011,-16,0.23973,0.24159,5
1989,Zhenyu Chen,2028,2024,-4,0.23803,0.22004,2
1990,yuanbaogui,2029,2020,-9,0.23774,0.22353,2
1991,Andrey Rogozin,2030,2014,-16,0.23584,0.23687,2
1992,deepesh,2031,2023,-8,0.23509,0.22116,1
1993,Bogdan Serban,2032,1997,-35,0.23504,0.26316,4
1994,gbeltramo,2033,2017,-16,0.23306,0.23257,2
1995,Victor-Louis De Gusseme,2034,2026,-8,0.23043,0.21856,4
1996,Niucoder,2035,2021,-14,0.22861,0.22242,3
1997,AlexanderGolikov,2036,2025,-11,0.22655,0.21907,11
1998,zhangyaxin,2037,2022,-15,0.22299,0.22211,1
1999,Vlipper,2038,2029,-9,0.22272,0.21007,3
2000,Jonathan Fisher,2039,2019,-20,0.21919,0.22405,2
2001,Gautam Ethiraj,2040,1600,-440,0.21662,0.29516,27
2002,Rohan Suresh,2041,2028,-13,0.21364,0.2138,9
2003,dane,2042,2027,-15,0.21325,0.2185,1
2004,gorogoroyasu,2043,2033,-10,0.20592,0.19123,1
2005,Crow's Nest,2044,2032,-12,0.20442,0.19405,1
2006,James Kiser,2045,2031,-14,0.20201,0.20511,5
2007,swhon,2046,2037,-9,0.1999,0.18187,1
2008,Zoro,2047,2034,-13,0.19673,0.18734,1
2009,Panda,2048,2035,-13,0.19443,0.18518,3
2010,Evgeniy Zheltonozhskiy,2049,2030,-19,0.19227,0.20576,3
2011,David Anderson,2050,2036,-14,0.19046,0.18314,5
2012,SelfLearner,2051,2039,-12,0.18961,0.17743,4
2013,Moby-Dick,2052,2049,-3,0.18549,0.15775,1
2014,K. Kawasaki,2053,2038,-15,0.18433,0.17854,5
2015,The Whale Formerly Known as Moby,2054,2040,-14,0.17672,0.17311,4
2016,GeoA,2055,2060,5,0.17583,0.12863,1
2017,Dang,2056,2041,-15,0.17579,0.17283,2
2018,gouda,2057,2048,-9,0.17529,0.16364,3
2019,Deena,2058,2043,-15,0.17408,0.16955,2
2020,LamsRidder,2059,2046,-13,0.17208,0.16377,1
2021,Kwon HyokSoo,2060,2050,-10,0.17007,0.15748,1
2022,Poor Grad,2061,2045,-16,0.16901,0.1658,1
2023,Yafatama,2062,2044,-18,0.16844,0.16866,4
2024,isaranja,2063,2047,-16,0.16585,0.16365,4
2025,Happy Fins,2064,2051,-13,0.16425,0.15743,4
2026,Computer Vision Lab Cusat,2065,2042,-23,0.16382,0.16983,4
2027,kaggledingguo,2066,2057,-9,0.16124,0.13209,1
2028,vsm999,2067,2053,-14,0.1551,0.15019,3
2029,tattaka,2068,2052,-16,0.15368,0.15668,6
2030,Ichiro Amitani,2069,2058,-11,0.15179,0.13054,1
2031,Chris Duvivier,2070,2054,-16,0.15166,0.14725,2
2032,Sai Krishna Das,2071,2056,-15,0.14662,0.13878,1
2033,T.Sch,2072,2055,-17,0.13035,0.14702,6
2034,michael.chong,2073,2063,-10,0.12979,0.12321,2
2035,lihaowei,2074,2061,-13,0.12907,0.12852,1
2036,aicompete,2075,2062,-13,0.12452,0.12818,4
2037,lihow,2076,2068,-8,0.11638,0.1046,2
2038,Gosha-ProdavetsPomidorov,2077,2065,-12,0.11525,0.1104,1
2039,thjhn,2078,2059,-19,0.11516,0.12877,8
2040,epsilon,2079,2064,-15,0.10979,0.11216,1
2041,Sid Patel,2080,2066,-14,0.10886,0.10605,12
2042,Jiayi Hu,2081,2069,-12,0.10645,0.10276,1
2043,Andonis Mitidis,2082,2070,-12,0.10207,0.09834,2
2044,Akii,2083,2067,-16,0.09952,0.10544,2
2045,KMAI_yujeong&sujin,2084,2071,-13,0.08741,0.08758,1
2046,Zack Steck,2085,2072,-13,0.08291,0.08425,1
2047,shaolunliu,2086,2073,-13,0.07825,0.08312,3
2048,JunMMM,2087,2074,-13,0.073,0.07273,1
2049,Alexander Stelzhammer,2088,2075,-13,0.06872,0.06217,3
2050,pranshu,2089,58,-2031,0.06459,0.93493,2
2051,jdelacasa,2090,2077,-13,0.06292,0.05895,4
2052,Can Altinigne,2091,2078,-13,0.06043,0.05795,1
2053,whistlebee,2092,2079,-13,0.05969,0.05562,2
2054,Kagglenauts,2093,2081,-12,0.05838,0.05525,1
2055,jackpegler,2094,2082,-12,0.05815,0.05525,1
2056,Jeffery Wang,2095,2080,-15,0.0581,0.05547,3
2057,Adam Zika,2096,2076,-20,0.05782,0.05924,1
2058,June,2097,2083,-14,0.04903,0.04444,1
2059,Dan Girin,2098,2085,-13,0.04548,0.03168,5
2060,b04901123_Kennyviii,2099,2086,-13,0.04129,0.0306,3
2061,mosdand,2101,2091,-10,0.02474,0.01584,3
2062,Hiroyuki SESHIME,2102,2088,-14,0.02313,0.0248,1
2063,YALE,2103,2087,-16,0.0193,0.02896,3
2064,ppk,2104,2090,-14,0.01676,0.01671,1
2065,Efe Ergun,2105,2093,-12,0.01431,0.01426,1
2066,Y. Z.,2106,2089,-17,0.01379,0.01827,1
2067,AlexeySobolev,2107,2094,-13,0.01301,0.01373,2
2068,ssebastian,2108,2095,-13,0.0092,0.01013,6
2069,iamkhader,2109,2092,-17,0.00835,0.01567,1
2070,Uday,2110,2097,-13,0.00664,0.00651,1
2071,Hober Mallow,2111,2096,-15,0.004,0.0095,3
2072,Gr1d,2112,2099,-13,0.00374,0.00535,1
2073,evan,2113,2102,-11,0.00341,0.00149,2
2074,stxxts,2114,2101,-13,0.00255,0.00222,1
2075,sampath,2115,2100,-15,0.00252,0.00229,1
2076,anmour,2116,2103,-13,0.00207,0.00137,2
2077,Romain,2117,2098,-19,0.00156,0.0057,1
2078,VimalNarayanan,2118,2104,-14,0.00139,0.00126,4
2079,boardz_master,2119,2105,-14,0.00121,0.00126,4
2080,ParmeetSingh,2120,2107,-13,0.00096,0.0011,3
2081,Nan R,2121,2109,-12,0.00076,0.00044,4
2082,Den,2122,2106,-16,0.00058,0.00123,5
2083,Erik Man,2123,2115,-8,0.00043,0,2
2084,AnkitPaliwal,2124,2108,-16,0.00027,0.00095,1
2085,Leonardo Custode,2125,2114,-11,0.00022,0,1
2086,HayaytoKashima,2126,1935,-191,0.00022,0.27651,1
2087,Zenga,2127,2110,-17,0.00018,0.00015,1
2088,MyWhale,2128,2116,-12,0.00017,0,1
2089,xhlulu,2129,2113,-16,0,0,1
2090,Grzegorz Caban,2130,2111,-19,0,0,1
2091,DavidCai,2131,2112,-19,0,0,1
